timestamp,pool_id,chain,asset_symbol,apy,project,tvlUsd
2025-11-10T16:12:17.642208,7e382157-b1bc-406d-b17b-facba43b716e,Ethereum,WBTC,0.00433,aave-v3,4488784442
2025-11-10T16:12:17.642208,f981a304-bb6c-45b8-b0c5-fd2f515ad23a,Ethereum,USDT,4.5563,aave-v3,604979585
2025-11-10T16:12:17.642208,aa70268e-4b52-42bf-a116-608b370f9501,Ethereum,USDC,5.04084,aave-v3,353918251
2025-11-10T16:12:17.642208,569ab5a6-76e4-46a6-abb6-b12be4197e31,Plasma,SYRUPUSDT,0.0,aave-v3,329972105
2025-11-10T16:12:17.642208,7c5e69a4-2430-4fa2-b7cb-857f79d7d1bf,Arbitrum,WBTC,0.00961,aave-v3,261648401
2025-11-10T16:12:17.642208,e338c687-a5d8-4abf-bc04-127990811b0a,Plasma,USDT0,4.93766,aave-v3,167742929
2025-11-10T16:12:17.642208,58d18059-f1d1-45ed-acd3-f386e98cc506,Polygon,WBTC,0.00112,aave-v3,108442156
2025-11-10T16:12:17.642208,7e0661bf-8cf3-45e6-9424-31916d4c7b84,Base,USDC,4.60969,aave-v3,88656802
2025-11-10T16:12:17.642208,d9fa8e14-0447-4207-9ae8-7810199dfa1f,Arbitrum,USDC,3.6527,aave-v3,62108114
2025-11-10T16:12:17.642208,baee0253-eb6e-4a08-a579-a2acd4f034b2,Ethereum,USDTB,1.78208,aave-v3,46847664
2025-11-10T16:12:17.642208,e6692d08-85b6-4b50-952b-7c5c531862fe,Avalanche,USDT,2.25202,aave-v3,40584594
2025-11-10T16:12:17.642208,c4b05318-88af-4536-a834-f5fc8940d2d3,Avalanche,USDC,3.5716,aave-v3,37939029
2025-11-10T16:12:17.642208,e053590b-54f1-40aa-ae0d-14e701ca734c,Optimism,WBTC,0.00617,aave-v3,32192152
2025-11-10T16:12:17.642208,29be6a85-414f-4a66-b075-98863278912a,BSC,USDT,2.64909,aave-v3,29415891
2025-11-10T16:12:17.642208,32f04d80-25f9-439f-838d-3b15becf2d21,Gnosis,SDAI,0.0,aave-v3,20296124
2025-11-10T16:12:17.642208,9bf5faf4-32e3-437e-8080-c38eae10cfa6,Sonic,USDC,1.1113,aave-v3,16137858
2025-11-10T16:12:17.642208,7e7821a2-3d20-4ae7-9c3d-04cd57904555,Polygon,USDT0,3.73748,aave-v3,14139413
2025-11-10T16:12:17.642208,3665ee7e-6c5d-49d9-abb7-c47ab5d9d4ac,Ethereum,DAI,4.0997,aave-v3,13763576
2025-11-10T16:12:17.642208,1b8b4cdb-0728-42a8-bf13-2c8fea7427ee,Polygon,USDC,3.85595,aave-v3,13339193
2025-11-10T16:12:17.642208,6817bab0-5389-40a0-84d1-78830c1d81aa,Linea,USDT,1.67315,aave-v3,8675480
2025-11-10T16:12:17.642208,15cf7c05-b5f0-4bde-8745-a791528c4381,BSC,USDC,2.76992,aave-v3,7967472
2025-11-10T16:12:17.642208,0758c3b8-4ffb-4176-b0a9-f446e367db46,Optimism,USDC,3.42386,aave-v3,6349421
2025-11-10T16:12:17.642208,5a49dee1-344d-4b50-a167-8f5faab08752,Linea,USDC,4.54677,aave-v3,5056861
2025-11-10T16:12:17.642208,e68ecfb4-ba44-49e9-9626-31299405b520,Linea,WBTC,0.01838,aave-v3,3811359
2025-11-10T16:12:17.642208,a8e3d841-2788-4647-ad54-5a36fac451b1,Arbitrum,DAI,2.61676,aave-v3,1917321
2025-11-10T16:12:17.642208,3e669ce8-74c5-4fc9-bf85-f40a924c6407,Avalanche,DAI.E,1.98467,aave-v3,1816271
2025-11-10T16:12:17.642208,bde08c85-41c5-4d80-9bb1-0835a4352efa,Optimism,USDT,4.48583,aave-v3,1540308
2025-11-10T16:12:17.642208,461505e0-e631-4af0-b0e9-6a861d917939,Gnosis,USDC.E,3.94909,aave-v3,1444092
2025-11-10T16:12:17.642208,c57bdc97-3100-41ff-845f-075363f6f5a4,Polygon,DAI,4.20089,aave-v3,1427369
2025-11-10T16:12:17.642208,effcb4a4-4dcb-45e5-935d-f15542c13e6b,Ethereum,USDC,3.92472,aave-v3,1114641
2025-11-10T16:12:17.642208,24762515-822a-46af-927c-77a1dc449bd0,Optimism,USDC,1.73782,aave-v3,1043956
2025-11-10T16:12:17.642208,37b04faa-95bb-4ccb-9c4e-c70fa167342b,Polygon,USDC,2.9722,aave-v3,890046
2025-11-10T16:12:17.642208,78c4b5eb-6e36-4c3a-94b5-779e37dbf9a4,Celo,USDC,2.92034,aave-v3,681786
2025-11-10T16:12:17.642208,7aab7b0f-01c1-4467-bc0d-77826d870f19,Arbitrum,USDC,2.72605,aave-v3,553166
2025-11-10T16:12:17.642208,814326a1-e8f9-4dcd-9b35-952350ab74f7,Ethereum,FRAX,0.00181,aave-v3,533378
2025-11-10T16:12:17.642208,a214e900-2bcd-431f-9744-632fa5436fee,Ethereum,SDAI,0.0,aave-v3,479490
2025-11-10T16:12:17.642208,0cfcfe3b-29ff-47ff-97fa-078bf4755863,Metis,M.USDT,3.39442,aave-v3,420070
2025-11-10T16:12:17.642208,21091399-1187-4242-8e03-9b06032f9a8f,Gnosis,WXDAI,4.02593,aave-v3,283692
2025-11-10T16:12:17.642208,ec762755-29a1-41d8-957f-0b00dcf00dd6,Scroll,USDC,2.16275,aave-v3,244436
2025-11-10T16:12:17.642208,1c4598df-177c-4de8-a53b-3baa3fc49932,Metis,M.USDC,4.586,aave-v3,234570
2025-11-10T16:12:17.642208,ff61171d-d7b0-4989-816c-b9bf02a15f00,Ethereum,WBTC,7.58228,morpho-v0-aavev2,208522
2025-11-10T16:12:17.642208,363e5586-cfee-402c-9b0b-be70366052e8,Optimism,DAI,3.81112,aave-v3,161597
2025-11-10T16:12:17.642208,4ef4eb9a-e22e-4190-b8f3-8c75373ad0d6,Ethereum,FRAX,1.65708,aave-v3,119549
2025-11-10T16:12:17.642208,5e498f38-9d6f-49b7-a197-9068103f9866,zkSync Era,USDC,5.05975,aave-v3,102839
2025-11-10T16:12:17.642208,8a561627-3d0c-436a-805c-8490c68fe014,zkSync Era,USDT,2.78522,aave-v3,92701
2025-11-10T16:12:17.642208,8d4d3acb-e1bf-471a-8256-36b90a8f4d25,Arbitrum,FRAX,1.14995,aave-v3,91118
2025-11-10T16:12:17.642208,325ad2d6-70b1-48d7-a557-c2c99a036f87,Ethereum,USDC,5.03496,morpho-v0-aavev2,45172
2025-11-10T16:12:17.642208,3cebd626-5ee5-4699-9f6c-090918bc5ebd,Metis,M.DAI,0.00549,aave-v3,32558
2025-11-10T16:12:17.642208,1343a280-7812-4bc3-8f98-d1c37e11d271,Ethereum,USDT,4.49855,morpho-v0-aavev2,17090
2025-11-10T16:34:51.488151,7e382157-b1bc-406d-b17b-facba43b716e,Ethereum,WBTC,0.00433,aave-v3,4489851420
2025-11-10T16:34:51.488151,f981a304-bb6c-45b8-b0c5-fd2f515ad23a,Ethereum,USDT,4.54111,aave-v3,612904583
2025-11-10T16:34:51.488151,aa70268e-4b52-42bf-a116-608b370f9501,Ethereum,USDC,4.96362,aave-v3,358511779
2025-11-10T16:34:51.488151,569ab5a6-76e4-46a6-abb6-b12be4197e31,Plasma,SYRUPUSDT,0.0,aave-v3,329999311
2025-11-10T16:34:51.488151,7c5e69a4-2430-4fa2-b7cb-857f79d7d1bf,Arbitrum,WBTC,0.00978,aave-v3,261505060
2025-11-10T16:34:51.488151,e338c687-a5d8-4abf-bc04-127990811b0a,Plasma,USDT0,4.97316,aave-v3,161199207
2025-11-10T16:34:51.488151,58d18059-f1d1-45ed-acd3-f386e98cc506,Polygon,WBTC,0.00112,aave-v3,108342364
2025-11-10T16:34:51.488151,7e0661bf-8cf3-45e6-9424-31916d4c7b84,Base,USDC,4.60335,aave-v3,88897285
2025-11-10T16:34:51.488151,d9fa8e14-0447-4207-9ae8-7810199dfa1f,Arbitrum,USDC,3.6381,aave-v3,62621366
2025-11-10T16:34:51.488151,baee0253-eb6e-4a08-a579-a2acd4f034b2,Ethereum,USDTB,1.78208,aave-v3,46780333
2025-11-10T16:34:51.488151,e6692d08-85b6-4b50-952b-7c5c531862fe,Avalanche,USDT,2.25733,aave-v3,40504855
2025-11-10T16:34:51.488151,c4b05318-88af-4536-a834-f5fc8940d2d3,Avalanche,USDC,3.55716,aave-v3,38198361
2025-11-10T16:34:51.488151,e053590b-54f1-40aa-ae0d-14e701ca734c,Optimism,WBTC,0.00621,aave-v3,32198220
2025-11-10T16:34:51.488151,29be6a85-414f-4a66-b075-98863278912a,BSC,USDT,2.64338,aave-v3,29494495
2025-11-10T16:34:51.488151,32f04d80-25f9-439f-838d-3b15becf2d21,Gnosis,SDAI,0.0,aave-v3,20296124
2025-11-10T16:34:51.488151,9bf5faf4-32e3-437e-8080-c38eae10cfa6,Sonic,USDC,1.11116,aave-v3,16141099
2025-11-10T16:34:51.488151,7e7821a2-3d20-4ae7-9c3d-04cd57904555,Polygon,USDT0,3.74284,aave-v3,14096254
2025-11-10T16:34:51.488151,3665ee7e-6c5d-49d9-abb7-c47ab5d9d4ac,Ethereum,DAI,4.09866,aave-v3,13782309
2025-11-10T16:34:51.488151,1b8b4cdb-0728-42a8-bf13-2c8fea7427ee,Polygon,USDC,3.82646,aave-v3,13493930
2025-11-10T16:34:51.488151,6817bab0-5389-40a0-84d1-78830c1d81aa,Linea,USDT,1.67303,aave-v3,8667207
2025-11-10T16:34:51.488151,15cf7c05-b5f0-4bde-8745-a791528c4381,BSC,USDC,2.75329,aave-v3,8057505
2025-11-10T16:34:51.488151,0758c3b8-4ffb-4176-b0a9-f446e367db46,Optimism,USDC,3.42205,aave-v3,6354565
2025-11-10T16:34:51.488151,5a49dee1-344d-4b50-a167-8f5faab08752,Linea,USDC,4.60394,aave-v3,4828789
2025-11-10T16:34:51.488151,e68ecfb4-ba44-49e9-9626-31299405b520,Linea,WBTC,0.01838,aave-v3,3797420
2025-11-10T16:34:51.488151,a8e3d841-2788-4647-ad54-5a36fac451b1,Arbitrum,DAI,2.62843,aave-v3,1903773
2025-11-10T16:34:51.488151,3e669ce8-74c5-4fc9-bf85-f40a924c6407,Avalanche,DAI.E,1.98467,aave-v3,1818729
2025-11-10T16:34:51.488151,bde08c85-41c5-4d80-9bb1-0835a4352efa,Optimism,USDT,4.48583,aave-v3,1545344
2025-11-10T16:34:51.488151,c57bdc97-3100-41ff-845f-075363f6f5a4,Polygon,DAI,4.05666,aave-v3,1527500
2025-11-10T16:34:51.488151,461505e0-e631-4af0-b0e9-6a861d917939,Gnosis,USDC.E,3.94909,aave-v3,1450494
2025-11-10T16:34:51.488151,effcb4a4-4dcb-45e5-935d-f15542c13e6b,Ethereum,USDC,3.92472,aave-v3,1114708
2025-11-10T16:34:51.488151,24762515-822a-46af-927c-77a1dc449bd0,Optimism,USDC,1.73645,aave-v3,1045602
2025-11-10T16:34:51.488151,37b04faa-95bb-4ccb-9c4e-c70fa167342b,Polygon,USDC,2.97303,aave-v3,889413
2025-11-10T16:34:51.488151,78c4b5eb-6e36-4c3a-94b5-779e37dbf9a4,Celo,USDC,2.94654,aave-v3,671769
2025-11-10T16:34:51.488151,7aab7b0f-01c1-4467-bc0d-77826d870f19,Arbitrum,USDC,2.72602,aave-v3,553781
2025-11-10T16:34:51.488151,814326a1-e8f9-4dcd-9b35-952350ab74f7,Ethereum,FRAX,0.00181,aave-v3,533152
2025-11-10T16:34:51.488151,a214e900-2bcd-431f-9744-632fa5436fee,Ethereum,SDAI,0.0,aave-v3,479490
2025-11-10T16:34:51.488151,0cfcfe3b-29ff-47ff-97fa-078bf4755863,Metis,M.USDT,3.39442,aave-v3,421444
2025-11-10T16:34:51.488151,ec762755-29a1-41d8-957f-0b00dcf00dd6,Scroll,USDC,2.00033,aave-v3,290359
2025-11-10T16:34:51.488151,21091399-1187-4242-8e03-9b06032f9a8f,Gnosis,WXDAI,4.02593,aave-v3,283665
2025-11-10T16:34:51.488151,1c4598df-177c-4de8-a53b-3baa3fc49932,Metis,M.USDC,4.586,aave-v3,234409
2025-11-10T16:34:51.488151,ff61171d-d7b0-4989-816c-b9bf02a15f00,Ethereum,WBTC,7.58228,morpho-v0-aavev2,208522
2025-11-10T16:34:51.488151,363e5586-cfee-402c-9b0b-be70366052e8,Optimism,DAI,3.81112,aave-v3,162519
2025-11-10T16:34:51.488151,4ef4eb9a-e22e-4190-b8f3-8c75373ad0d6,Ethereum,FRAX,1.65708,aave-v3,119499
2025-11-10T16:34:51.488151,5e498f38-9d6f-49b7-a197-9068103f9866,zkSync Era,USDC,5.05975,aave-v3,102836
2025-11-10T16:34:51.488151,8a561627-3d0c-436a-805c-8490c68fe014,zkSync Era,USDT,2.78522,aave-v3,93004
2025-11-10T16:34:51.488151,8d4d3acb-e1bf-471a-8256-36b90a8f4d25,Arbitrum,FRAX,1.14995,aave-v3,91079
2025-11-10T16:34:51.488151,325ad2d6-70b1-48d7-a557-c2c99a036f87,Ethereum,USDC,5.03496,morpho-v0-aavev2,45172
2025-11-10T16:34:51.488151,3cebd626-5ee5-4699-9f6c-090918bc5ebd,Metis,M.DAI,0.00549,aave-v3,32557
2025-11-10T16:34:51.488151,1343a280-7812-4bc3-8f98-d1c37e11d271,Ethereum,USDT,4.49855,morpho-v0-aavev2,17090
2025-11-10T17:24:19.384130,7e382157-b1bc-406d-b17b-facba43b716e,Ethereum,WBTC,0.00433,aave-v3,4502249126
2025-11-10T17:24:19.384130,f981a304-bb6c-45b8-b0c5-fd2f515ad23a,Ethereum,USDT,4.62957,aave-v3,570489346
2025-11-10T17:24:19.384130,aa70268e-4b52-42bf-a116-608b370f9501,Ethereum,USDC,4.94144,aave-v3,368799023
2025-11-10T17:24:19.384130,569ab5a6-76e4-46a6-abb6-b12be4197e31,Plasma,SYRUPUSDT,0.0,aave-v3,329940230
2025-11-10T17:24:19.384130,7c5e69a4-2430-4fa2-b7cb-857f79d7d1bf,Arbitrum,WBTC,0.00989,aave-v3,261782996
2025-11-10T17:24:19.384130,e338c687-a5d8-4abf-bc04-127990811b0a,Plasma,USDT0,5.04421,aave-v3,149786370
2025-11-10T17:24:19.384130,58d18059-f1d1-45ed-acd3-f386e98cc506,Polygon,WBTC,0.00109,aave-v3,108433973
2025-11-10T17:24:19.384130,7e0661bf-8cf3-45e6-9424-31916d4c7b84,Base,USDC,4.60199,aave-v3,88959921
2025-11-10T17:24:19.384130,d9fa8e14-0447-4207-9ae8-7810199dfa1f,Arbitrum,USDC,3.73444,aave-v3,59739500
2025-11-10T17:24:19.384130,baee0253-eb6e-4a08-a579-a2acd4f034b2,Ethereum,USDTB,1.78402,aave-v3,46757490
2025-11-10T17:24:19.384130,e6692d08-85b6-4b50-952b-7c5c531862fe,Avalanche,USDT,2.25874,aave-v3,40477263
2025-11-10T17:24:19.384130,c4b05318-88af-4536-a834-f5fc8940d2d3,Avalanche,USDC,3.55818,aave-v3,38169345
2025-11-10T17:24:19.384130,e053590b-54f1-40aa-ae0d-14e701ca734c,Optimism,WBTC,0.00621,aave-v3,32265067
2025-11-10T17:24:19.384130,29be6a85-414f-4a66-b075-98863278912a,BSC,USDT,2.65297,aave-v3,29380126
2025-11-10T17:24:19.384130,32f04d80-25f9-439f-838d-3b15becf2d21,Gnosis,SDAI,0.0,aave-v3,20294174
2025-11-10T17:24:19.384130,9bf5faf4-32e3-437e-8080-c38eae10cfa6,Sonic,USDC,1.11038,aave-v3,16149277
2025-11-10T17:24:19.384130,7e7821a2-3d20-4ae7-9c3d-04cd57904555,Polygon,USDT0,3.75691,aave-v3,14022011
2025-11-10T17:24:19.384130,3665ee7e-6c5d-49d9-abb7-c47ab5d9d4ac,Ethereum,DAI,4.09866,aave-v3,13795996
2025-11-10T17:24:19.384130,1b8b4cdb-0728-42a8-bf13-2c8fea7427ee,Polygon,USDC,3.84971,aave-v3,13365660
2025-11-10T17:24:19.384130,6817bab0-5389-40a0-84d1-78830c1d81aa,Linea,USDT,1.67449,aave-v3,8649702
2025-11-10T17:24:19.384130,15cf7c05-b5f0-4bde-8745-a791528c4381,BSC,USDC,2.73493,aave-v3,8148874
2025-11-10T17:24:19.384130,0758c3b8-4ffb-4176-b0a9-f446e367db46,Optimism,USDC,3.42409,aave-v3,6347896
2025-11-10T17:24:19.384130,5a49dee1-344d-4b50-a167-8f5faab08752,Linea,USDC,4.65815,aave-v3,4595381
2025-11-10T17:24:19.384130,e68ecfb4-ba44-49e9-9626-31299405b520,Linea,WBTC,0.01838,aave-v3,3819445
2025-11-10T17:24:19.384130,a8e3d841-2788-4647-ad54-5a36fac451b1,Arbitrum,DAI,2.61476,aave-v3,1922747
2025-11-10T17:24:19.384130,3e669ce8-74c5-4fc9-bf85-f40a924c6407,Avalanche,DAI.E,1.98467,aave-v3,1819373
2025-11-10T17:24:19.384130,bde08c85-41c5-4d80-9bb1-0835a4352efa,Optimism,USDT,4.33239,aave-v3,1748580
2025-11-10T17:24:19.384130,c57bdc97-3100-41ff-845f-075363f6f5a4,Polygon,DAI,4.05683,aave-v3,1527528
2025-11-10T17:24:19.384130,461505e0-e631-4af0-b0e9-6a861d917939,Gnosis,USDC.E,3.94909,aave-v3,1452607
2025-11-10T17:24:19.384130,effcb4a4-4dcb-45e5-935d-f15542c13e6b,Ethereum,USDC,3.92472,aave-v3,1114613
2025-11-10T17:24:19.384130,24762515-822a-46af-927c-77a1dc449bd0,Optimism,USDC,1.73885,aave-v3,1044322
2025-11-10T17:24:19.384130,37b04faa-95bb-4ccb-9c4e-c70fa167342b,Polygon,USDC,2.96625,aave-v3,894071
2025-11-10T17:24:19.384130,78c4b5eb-6e36-4c3a-94b5-779e37dbf9a4,Celo,USDC,2.9204,aave-v3,678765
2025-11-10T17:24:19.384130,7aab7b0f-01c1-4467-bc0d-77826d870f19,Arbitrum,USDC,2.79424,aave-v3,537379
2025-11-10T17:24:19.384130,814326a1-e8f9-4dcd-9b35-952350ab74f7,Ethereum,FRAX,0.00181,aave-v3,533224
2025-11-10T17:24:19.384130,a214e900-2bcd-431f-9744-632fa5436fee,Ethereum,SDAI,0.0,aave-v3,479476
2025-11-10T17:24:19.384130,0cfcfe3b-29ff-47ff-97fa-078bf4755863,Metis,M.USDT,3.39442,aave-v3,421944
2025-11-10T17:24:19.384130,21091399-1187-4242-8e03-9b06032f9a8f,Gnosis,WXDAI,4.02593,aave-v3,283666
2025-11-10T17:24:19.384130,ec762755-29a1-41d8-957f-0b00dcf00dd6,Scroll,USDC,2.05915,aave-v3,272066
2025-11-10T17:24:19.384130,1c4598df-177c-4de8-a53b-3baa3fc49932,Metis,M.USDC,4.586,aave-v3,234422
2025-11-10T17:24:19.384130,ff61171d-d7b0-4989-816c-b9bf02a15f00,Ethereum,WBTC,7.58228,morpho-v0-aavev2,208522
2025-11-10T17:24:19.384130,363e5586-cfee-402c-9b0b-be70366052e8,Optimism,DAI,3.81112,aave-v3,162608
2025-11-10T17:24:19.384130,4ef4eb9a-e22e-4190-b8f3-8c75373ad0d6,Ethereum,FRAX,1.65708,aave-v3,119515
2025-11-10T17:24:19.384130,5e498f38-9d6f-49b7-a197-9068103f9866,zkSync Era,USDC,5.05975,aave-v3,102835
2025-11-10T17:24:19.384130,8a561627-3d0c-436a-805c-8490c68fe014,zkSync Era,USDT,2.78522,aave-v3,93115
2025-11-10T17:24:19.384130,8d4d3acb-e1bf-471a-8256-36b90a8f4d25,Arbitrum,FRAX,1.15033,aave-v3,91063
2025-11-10T17:24:19.384130,325ad2d6-70b1-48d7-a557-c2c99a036f87,Ethereum,USDC,5.03496,morpho-v0-aavev2,45172
2025-11-10T17:24:19.384130,3cebd626-5ee5-4699-9f6c-090918bc5ebd,Metis,M.DAI,0.00549,aave-v3,32589
2025-11-10T17:24:19.384130,1343a280-7812-4bc3-8f98-d1c37e11d271,Ethereum,USDT,4.49855,morpho-v0-aavev2,17090
2025-11-10T18:37:17.116300,7e382157-b1bc-406d-b17b-facba43b716e,Ethereum,WBTC,0.00433,aave-v3,4526402619
2025-11-10T18:37:17.116300,f981a304-bb6c-45b8-b0c5-fd2f515ad23a,Ethereum,USDT,4.68964,aave-v3,541196431
2025-11-10T18:37:17.116300,aa70268e-4b52-42bf-a116-608b370f9501,Ethereum,USDC,4.96305,aave-v3,359359910
2025-11-10T18:37:17.116300,569ab5a6-76e4-46a6-abb6-b12be4197e31,Plasma,SYRUPUSDT,0.0,aave-v3,330023489
2025-11-10T18:37:17.116300,7c5e69a4-2430-4fa2-b7cb-857f79d7d1bf,Arbitrum,WBTC,0.00965,aave-v3,263769618
2025-11-10T18:37:17.116300,e338c687-a5d8-4abf-bc04-127990811b0a,Plasma,USDT0,5.04693,aave-v3,149256170
2025-11-10T18:37:17.116300,58d18059-f1d1-45ed-acd3-f386e98cc506,Polygon,WBTC,0.00109,aave-v3,109124818
2025-11-10T18:37:17.116300,7e0661bf-8cf3-45e6-9424-31916d4c7b84,Base,USDC,4.54265,aave-v3,91225130
2025-11-10T18:37:17.116300,d9fa8e14-0447-4207-9ae8-7810199dfa1f,Arbitrum,USDC,3.68819,aave-v3,61057608
2025-11-10T18:37:17.116300,baee0253-eb6e-4a08-a579-a2acd4f034b2,Ethereum,USDTB,1.78402,aave-v3,46731811
2025-11-10T18:37:17.116300,e6692d08-85b6-4b50-952b-7c5c531862fe,Avalanche,USDT,2.25897,aave-v3,40481360
2025-11-10T18:37:17.116300,c4b05318-88af-4536-a834-f5fc8940d2d3,Avalanche,USDC,3.56945,aave-v3,37917419
2025-11-10T18:37:17.116300,e053590b-54f1-40aa-ae0d-14e701ca734c,Optimism,WBTC,0.00617,aave-v3,32478178
2025-11-10T18:37:17.116300,29be6a85-414f-4a66-b075-98863278912a,BSC,USDT,2.65326,aave-v3,29394059
2025-11-10T18:37:17.116300,32f04d80-25f9-439f-838d-3b15becf2d21,Gnosis,SDAI,0.0,aave-v3,20294264
2025-11-10T18:37:17.116300,9bf5faf4-32e3-437e-8080-c38eae10cfa6,Sonic,USDC,1.11054,aave-v3,16150152
2025-11-10T18:37:17.116300,7e7821a2-3d20-4ae7-9c3d-04cd57904555,Polygon,USDT0,3.75741,aave-v3,14016291
2025-11-10T18:37:17.116300,3665ee7e-6c5d-49d9-abb7-c47ab5d9d4ac,Ethereum,DAI,4.09927,aave-v3,13774734
2025-11-10T18:37:17.116300,1b8b4cdb-0728-42a8-bf13-2c8fea7427ee,Polygon,USDC,3.84394,aave-v3,13399656
2025-11-10T18:37:17.116300,6817bab0-5389-40a0-84d1-78830c1d81aa,Linea,USDT,1.64539,aave-v3,8830173
2025-11-10T18:37:17.116300,15cf7c05-b5f0-4bde-8745-a791528c4381,BSC,USDC,2.69912,aave-v3,8303316
2025-11-10T18:37:17.116300,5a49dee1-344d-4b50-a167-8f5faab08752,Linea,USDC,3.92647,aave-v3,7337388
2025-11-10T18:37:17.116300,0758c3b8-4ffb-4176-b0a9-f446e367db46,Optimism,USDC,3.43311,aave-v3,6315875
2025-11-10T18:37:17.116300,e68ecfb4-ba44-49e9-9626-31299405b520,Linea,WBTC,0.01838,aave-v3,3842492
2025-11-10T18:37:17.116300,a8e3d841-2788-4647-ad54-5a36fac451b1,Arbitrum,DAI,2.6266,aave-v3,1904293
2025-11-10T18:37:17.116300,3e669ce8-74c5-4fc9-bf85-f40a924c6407,Avalanche,DAI.E,1.98467,aave-v3,1818743
2025-11-10T18:37:17.116300,bde08c85-41c5-4d80-9bb1-0835a4352efa,Optimism,USDT,4.32728,aave-v3,1751668
2025-11-10T18:37:17.116300,c57bdc97-3100-41ff-845f-075363f6f5a4,Polygon,DAI,4.05675,aave-v3,1527514
2025-11-10T18:37:17.116300,461505e0-e631-4af0-b0e9-6a861d917939,Gnosis,USDC.E,3.94909,aave-v3,1456734
2025-11-10T18:37:17.116300,effcb4a4-4dcb-45e5-935d-f15542c13e6b,Ethereum,USDC,3.73533,aave-v3,1306104
2025-11-10T18:37:17.116300,24762515-822a-46af-927c-77a1dc449bd0,Optimism,USDC,1.74393,aave-v3,1041996
2025-11-10T18:37:17.116300,37b04faa-95bb-4ccb-9c4e-c70fa167342b,Polygon,USDC,2.96902,aave-v3,892194
2025-11-10T18:37:17.116300,78c4b5eb-6e36-4c3a-94b5-779e37dbf9a4,Celo,USDC,2.90647,aave-v3,682585
2025-11-10T18:37:17.116300,814326a1-e8f9-4dcd-9b35-952350ab74f7,Ethereum,FRAX,0.00181,aave-v3,533271
2025-11-10T18:37:17.116300,7aab7b0f-01c1-4467-bc0d-77826d870f19,Arbitrum,USDC,2.85806,aave-v3,522794
2025-11-10T18:37:17.116300,a214e900-2bcd-431f-9744-632fa5436fee,Ethereum,SDAI,0.0,aave-v3,479953
2025-11-10T18:37:17.116300,0cfcfe3b-29ff-47ff-97fa-078bf4755863,Metis,M.USDT,3.39442,aave-v3,421033
2025-11-10T18:37:17.116300,21091399-1187-4242-8e03-9b06032f9a8f,Gnosis,WXDAI,4.02593,aave-v3,283707
2025-11-10T18:37:17.116300,ec762755-29a1-41d8-957f-0b00dcf00dd6,Scroll,USDC,2.16662,aave-v3,240025
2025-11-10T18:37:17.116300,1c4598df-177c-4de8-a53b-3baa3fc49932,Metis,M.USDC,4.586,aave-v3,234370
2025-11-10T18:37:17.116300,ff61171d-d7b0-4989-816c-b9bf02a15f00,Ethereum,WBTC,7.58228,morpho-v0-aavev2,208522
2025-11-10T18:37:17.116300,363e5586-cfee-402c-9b0b-be70366052e8,Optimism,DAI,3.81116,aave-v3,162356
2025-11-10T18:37:17.116300,4ef4eb9a-e22e-4190-b8f3-8c75373ad0d6,Ethereum,FRAX,1.65708,aave-v3,119525
2025-11-10T18:37:17.116300,5e498f38-9d6f-49b7-a197-9068103f9866,zkSync Era,USDC,5.05975,aave-v3,102847
2025-11-10T18:37:17.116300,8a561627-3d0c-436a-805c-8490c68fe014,zkSync Era,USDT,2.78522,aave-v3,92914
2025-11-10T18:37:17.116300,8d4d3acb-e1bf-471a-8256-36b90a8f4d25,Arbitrum,FRAX,1.15033,aave-v3,91071
2025-11-10T18:37:17.116300,325ad2d6-70b1-48d7-a557-c2c99a036f87,Ethereum,USDC,5.03496,morpho-v0-aavev2,45172
2025-11-10T18:37:17.116300,3cebd626-5ee5-4699-9f6c-090918bc5ebd,Metis,M.DAI,0.00549,aave-v3,32565
2025-11-10T18:37:17.116300,1343a280-7812-4bc3-8f98-d1c37e11d271,Ethereum,USDT,4.49855,morpho-v0-aavev2,17090
2025-11-10T19:21:18.249336,7e382157-b1bc-406d-b17b-facba43b716e,Ethereum,WBTC,0.00433,aave-v3,4526402619
2025-11-10T19:21:18.249336,f981a304-bb6c-45b8-b0c5-fd2f515ad23a,Ethereum,USDT,4.68964,aave-v3,541196431
2025-11-10T19:21:18.249336,aa70268e-4b52-42bf-a116-608b370f9501,Ethereum,USDC,4.96305,aave-v3,359359910
2025-11-10T19:21:18.249336,569ab5a6-76e4-46a6-abb6-b12be4197e31,Plasma,SYRUPUSDT,0.0,aave-v3,330023489
2025-11-10T19:21:18.249336,7c5e69a4-2430-4fa2-b7cb-857f79d7d1bf,Arbitrum,WBTC,0.00965,aave-v3,263769618
2025-11-10T19:21:18.249336,e338c687-a5d8-4abf-bc04-127990811b0a,Plasma,USDT0,5.04693,aave-v3,149256170
2025-11-10T19:21:18.249336,58d18059-f1d1-45ed-acd3-f386e98cc506,Polygon,WBTC,0.00109,aave-v3,109124818
2025-11-10T19:21:18.249336,7e0661bf-8cf3-45e6-9424-31916d4c7b84,Base,USDC,4.54265,aave-v3,91225130
2025-11-10T19:21:18.249336,d9fa8e14-0447-4207-9ae8-7810199dfa1f,Arbitrum,USDC,3.68819,aave-v3,61057608
2025-11-10T19:21:18.249336,baee0253-eb6e-4a08-a579-a2acd4f034b2,Ethereum,USDTB,1.78402,aave-v3,46731811
2025-11-10T19:21:18.249336,e6692d08-85b6-4b50-952b-7c5c531862fe,Avalanche,USDT,2.25897,aave-v3,40481360
2025-11-10T19:21:18.249336,c4b05318-88af-4536-a834-f5fc8940d2d3,Avalanche,USDC,3.56945,aave-v3,37917419
2025-11-10T19:21:18.249336,e053590b-54f1-40aa-ae0d-14e701ca734c,Optimism,WBTC,0.00617,aave-v3,32478178
2025-11-10T19:21:18.249336,29be6a85-414f-4a66-b075-98863278912a,BSC,USDT,2.65326,aave-v3,29394059
2025-11-10T19:21:18.249336,32f04d80-25f9-439f-838d-3b15becf2d21,Gnosis,SDAI,0.0,aave-v3,20294264
2025-11-10T19:21:18.249336,9bf5faf4-32e3-437e-8080-c38eae10cfa6,Sonic,USDC,1.11054,aave-v3,16150152
2025-11-10T19:21:18.249336,7e7821a2-3d20-4ae7-9c3d-04cd57904555,Polygon,USDT0,3.75741,aave-v3,14016291
2025-11-10T19:21:18.249336,3665ee7e-6c5d-49d9-abb7-c47ab5d9d4ac,Ethereum,DAI,4.09927,aave-v3,13774734
2025-11-10T19:21:18.249336,1b8b4cdb-0728-42a8-bf13-2c8fea7427ee,Polygon,USDC,3.84394,aave-v3,13399656
2025-11-10T19:21:18.249336,6817bab0-5389-40a0-84d1-78830c1d81aa,Linea,USDT,1.64539,aave-v3,8830173
2025-11-10T19:21:18.249336,15cf7c05-b5f0-4bde-8745-a791528c4381,BSC,USDC,2.69912,aave-v3,8303316
2025-11-10T19:21:18.249336,5a49dee1-344d-4b50-a167-8f5faab08752,Linea,USDC,3.92647,aave-v3,7337388
2025-11-10T19:21:18.249336,0758c3b8-4ffb-4176-b0a9-f446e367db46,Optimism,USDC,3.43311,aave-v3,6315875
2025-11-10T19:21:18.249336,e68ecfb4-ba44-49e9-9626-31299405b520,Linea,WBTC,0.01838,aave-v3,3842492
2025-11-10T19:21:18.249336,a8e3d841-2788-4647-ad54-5a36fac451b1,Arbitrum,DAI,2.6266,aave-v3,1904293
2025-11-10T19:21:18.249336,3e669ce8-74c5-4fc9-bf85-f40a924c6407,Avalanche,DAI.E,1.98467,aave-v3,1818743
2025-11-10T19:21:18.249336,bde08c85-41c5-4d80-9bb1-0835a4352efa,Optimism,USDT,4.32728,aave-v3,1751668
2025-11-10T19:21:18.249336,c57bdc97-3100-41ff-845f-075363f6f5a4,Polygon,DAI,4.05675,aave-v3,1527514
2025-11-10T19:21:18.249336,461505e0-e631-4af0-b0e9-6a861d917939,Gnosis,USDC.E,3.94909,aave-v3,1456734
2025-11-10T19:21:18.249336,effcb4a4-4dcb-45e5-935d-f15542c13e6b,Ethereum,USDC,3.73533,aave-v3,1306104
2025-11-10T19:21:18.249336,24762515-822a-46af-927c-77a1dc449bd0,Optimism,USDC,1.74393,aave-v3,1041996
2025-11-10T19:21:18.249336,37b04faa-95bb-4ccb-9c4e-c70fa167342b,Polygon,USDC,2.96902,aave-v3,892194
2025-11-10T19:21:18.249336,78c4b5eb-6e36-4c3a-94b5-779e37dbf9a4,Celo,USDC,2.90647,aave-v3,682585
2025-11-10T19:21:18.249336,814326a1-e8f9-4dcd-9b35-952350ab74f7,Ethereum,FRAX,0.00181,aave-v3,533271
2025-11-10T19:21:18.249336,7aab7b0f-01c1-4467-bc0d-77826d870f19,Arbitrum,USDC,2.85806,aave-v3,522794
2025-11-10T19:21:18.249336,a214e900-2bcd-431f-9744-632fa5436fee,Ethereum,SDAI,0.0,aave-v3,479953
2025-11-10T19:21:18.249336,0cfcfe3b-29ff-47ff-97fa-078bf4755863,Metis,M.USDT,3.39442,aave-v3,421033
2025-11-10T19:21:18.249336,21091399-1187-4242-8e03-9b06032f9a8f,Gnosis,WXDAI,4.02593,aave-v3,283707
2025-11-10T19:21:18.249336,ec762755-29a1-41d8-957f-0b00dcf00dd6,Scroll,USDC,2.16662,aave-v3,240025
2025-11-10T19:21:18.249336,1c4598df-177c-4de8-a53b-3baa3fc49932,Metis,M.USDC,4.586,aave-v3,234370
2025-11-10T19:21:18.249336,ff61171d-d7b0-4989-816c-b9bf02a15f00,Ethereum,WBTC,7.58228,morpho-v0-aavev2,208522
2025-11-10T19:21:18.249336,363e5586-cfee-402c-9b0b-be70366052e8,Optimism,DAI,3.81116,aave-v3,162356
2025-11-10T19:21:18.249336,4ef4eb9a-e22e-4190-b8f3-8c75373ad0d6,Ethereum,FRAX,1.65708,aave-v3,119525
2025-11-10T19:21:18.249336,5e498f38-9d6f-49b7-a197-9068103f9866,zkSync Era,USDC,5.05975,aave-v3,102847
2025-11-10T19:21:18.249336,8a561627-3d0c-436a-805c-8490c68fe014,zkSync Era,USDT,2.78522,aave-v3,92914
2025-11-10T19:21:18.249336,8d4d3acb-e1bf-471a-8256-36b90a8f4d25,Arbitrum,FRAX,1.15033,aave-v3,91071
2025-11-10T19:21:18.249336,325ad2d6-70b1-48d7-a557-c2c99a036f87,Ethereum,USDC,5.03496,morpho-v0-aavev2,45172
2025-11-10T19:21:18.249336,3cebd626-5ee5-4699-9f6c-090918bc5ebd,Metis,M.DAI,0.00549,aave-v3,32565
2025-11-10T19:21:18.249336,1343a280-7812-4bc3-8f98-d1c37e11d271,Ethereum,USDT,4.49855,morpho-v0-aavev2,17090
2025-11-10T20:31:08.695453,7e382157-b1bc-406d-b17b-facba43b716e,Ethereum,WBTC,0.00411,aave-v3,4525058878
2025-11-10T20:31:08.695453,aa70268e-4b52-42bf-a116-608b370f9501,Ethereum,USDC,4.61215,aave-v3,526887855
2025-11-10T20:31:08.695453,f981a304-bb6c-45b8-b0c5-fd2f515ad23a,Ethereum,USDT,4.76931,aave-v3,502737851
2025-11-10T20:31:08.695453,569ab5a6-76e4-46a6-abb6-b12be4197e31,Plasma,SYRUPUSDT,0.0,aave-v3,329965115
2025-11-10T20:31:08.695453,7c5e69a4-2430-4fa2-b7cb-857f79d7d1bf,Arbitrum,WBTC,0.00964,aave-v3,264427075
2025-11-10T20:31:08.695453,e338c687-a5d8-4abf-bc04-127990811b0a,Plasma,USDT0,4.81852,aave-v3,192337411
2025-11-10T20:31:08.695453,58d18059-f1d1-45ed-acd3-f386e98cc506,Polygon,WBTC,0.00109,aave-v3,109353407
2025-11-10T20:31:08.695453,7e0661bf-8cf3-45e6-9424-31916d4c7b84,Base,USDC,4.59323,aave-v3,88807548
2025-11-10T20:31:08.695453,d9fa8e14-0447-4207-9ae8-7810199dfa1f,Arbitrum,USDC,3.70096,aave-v3,60580639
2025-11-10T20:31:08.695453,baee0253-eb6e-4a08-a579-a2acd4f034b2,Ethereum,USDTB,1.7835,aave-v3,46739606
2025-11-10T20:31:08.695453,e6692d08-85b6-4b50-952b-7c5c531862fe,Avalanche,USDT,2.01454,aave-v3,44050409
2025-11-10T20:31:08.695453,c4b05318-88af-4536-a834-f5fc8940d2d3,Avalanche,USDC,3.50104,aave-v3,39148978
2025-11-10T20:31:08.695453,e053590b-54f1-40aa-ae0d-14e701ca734c,Optimism,WBTC,0.0063,aave-v3,32424511
2025-11-10T20:31:08.695453,29be6a85-414f-4a66-b075-98863278912a,BSC,USDT,2.65874,aave-v3,29322693
2025-11-10T20:31:08.695453,32f04d80-25f9-439f-838d-3b15becf2d21,Gnosis,SDAI,0.0,aave-v3,20297649
2025-11-10T20:31:08.695453,9bf5faf4-32e3-437e-8080-c38eae10cfa6,Sonic,USDC,1.10985,aave-v3,16161305
2025-11-10T20:31:08.695453,3665ee7e-6c5d-49d9-abb7-c47ab5d9d4ac,Ethereum,DAI,3.99275,aave-v3,15697059
2025-11-10T20:31:08.695453,7e7821a2-3d20-4ae7-9c3d-04cd57904555,Polygon,USDT0,3.76259,aave-v3,13988713
2025-11-10T20:31:08.695453,1b8b4cdb-0728-42a8-bf13-2c8fea7427ee,Polygon,USDC,3.83669,aave-v3,13438067
2025-11-10T20:31:08.695453,6817bab0-5389-40a0-84d1-78830c1d81aa,Linea,USDT,1.64913,aave-v3,8801706
2025-11-10T20:31:08.695453,15cf7c05-b5f0-4bde-8745-a791528c4381,BSC,USDC,2.66591,aave-v3,8467183
2025-11-10T20:31:08.695453,5a49dee1-344d-4b50-a167-8f5faab08752,Linea,USDC,3.9593,aave-v3,7163799
2025-11-10T20:31:08.695453,0758c3b8-4ffb-4176-b0a9-f446e367db46,Optimism,USDC,3.85438,aave-v3,4860304
2025-11-10T20:31:08.695453,e68ecfb4-ba44-49e9-9626-31299405b520,Linea,WBTC,0.01838,aave-v3,3840239
2025-11-10T20:31:08.695453,a8e3d841-2788-4647-ad54-5a36fac451b1,Arbitrum,DAI,2.6153,aave-v3,1913866
2025-11-10T20:31:08.695453,3e669ce8-74c5-4fc9-bf85-f40a924c6407,Avalanche,DAI.E,1.98467,aave-v3,1818202
2025-11-10T20:31:08.695453,bde08c85-41c5-4d80-9bb1-0835a4352efa,Optimism,USDT,4.32325,aave-v3,1757792
2025-11-10T20:31:08.695453,c57bdc97-3100-41ff-845f-075363f6f5a4,Polygon,DAI,4.05675,aave-v3,1527593
2025-11-10T20:31:08.695453,461505e0-e631-4af0-b0e9-6a861d917939,Gnosis,USDC.E,3.94904,aave-v3,1451688
2025-11-10T20:31:08.695453,effcb4a4-4dcb-45e5-935d-f15542c13e6b,Ethereum,USDC,3.73533,aave-v3,1306118
2025-11-10T20:31:08.695453,24762515-822a-46af-927c-77a1dc449bd0,Optimism,USDC,1.74963,aave-v3,1039272
2025-11-10T20:31:08.695453,37b04faa-95bb-4ccb-9c4e-c70fa167342b,Polygon,USDC,2.97176,aave-v3,890229
2025-11-10T20:31:08.695453,78c4b5eb-6e36-4c3a-94b5-779e37dbf9a4,Celo,USDC,2.9065,aave-v3,682623
2025-11-10T20:31:08.695453,814326a1-e8f9-4dcd-9b35-952350ab74f7,Ethereum,FRAX,0.00181,aave-v3,533206
2025-11-10T20:31:08.695453,7aab7b0f-01c1-4467-bc0d-77826d870f19,Arbitrum,USDC,2.82643,aave-v3,529857
2025-11-10T20:31:08.695453,a214e900-2bcd-431f-9744-632fa5436fee,Ethereum,SDAI,0.0,aave-v3,478796
2025-11-10T20:31:08.695453,0cfcfe3b-29ff-47ff-97fa-078bf4755863,Metis,M.USDT,3.39446,aave-v3,421160
2025-11-10T20:31:08.695453,21091399-1187-4242-8e03-9b06032f9a8f,Gnosis,WXDAI,4.02595,aave-v3,283698
2025-11-10T20:31:08.695453,ec762755-29a1-41d8-957f-0b00dcf00dd6,Scroll,USDC,2.16662,aave-v3,240052
2025-11-10T20:31:08.695453,1c4598df-177c-4de8-a53b-3baa3fc49932,Metis,M.USDC,4.58732,aave-v3,234232
2025-11-10T20:31:08.695453,ff61171d-d7b0-4989-816c-b9bf02a15f00,Ethereum,WBTC,7.58228,morpho-v0-aavev2,208522
2025-11-10T20:31:08.695453,363e5586-cfee-402c-9b0b-be70366052e8,Optimism,DAI,3.81176,aave-v3,162448
2025-11-10T20:31:08.695453,4ef4eb9a-e22e-4190-b8f3-8c75373ad0d6,Ethereum,FRAX,1.65708,aave-v3,119511
2025-11-10T20:31:08.695453,5e498f38-9d6f-49b7-a197-9068103f9866,zkSync Era,USDC,5.70609,aave-v3,100803
2025-11-10T20:31:08.695453,8a561627-3d0c-436a-805c-8490c68fe014,zkSync Era,USDT,2.78522,aave-v3,92940
2025-11-10T20:31:08.695453,8d4d3acb-e1bf-471a-8256-36b90a8f4d25,Arbitrum,FRAX,1.15033,aave-v3,91060
2025-11-10T20:31:08.695453,325ad2d6-70b1-48d7-a557-c2c99a036f87,Ethereum,USDC,5.03496,morpho-v0-aavev2,45172
2025-11-10T20:31:08.695453,3cebd626-5ee5-4699-9f6c-090918bc5ebd,Metis,M.DAI,0.00549,aave-v3,32516
2025-11-10T20:31:08.695453,1343a280-7812-4bc3-8f98-d1c37e11d271,Ethereum,USDT,4.49965,morpho-v0-aavev2,17091
2025-11-10T21:24:19.340031,7e382157-b1bc-406d-b17b-facba43b716e,Ethereum,WBTC,0.0041,aave-v3,4535992303
2025-11-10T21:24:19.340031,aa70268e-4b52-42bf-a116-608b370f9501,Ethereum,USDC,4.62617,aave-v3,520545017
2025-11-10T21:24:19.340031,f981a304-bb6c-45b8-b0c5-fd2f515ad23a,Ethereum,USDT,4.76043,aave-v3,507236521
2025-11-10T21:24:19.340031,569ab5a6-76e4-46a6-abb6-b12be4197e31,Plasma,SYRUPUSDT,0.0,aave-v3,329872279
2025-11-10T21:24:19.340031,7c5e69a4-2430-4fa2-b7cb-857f79d7d1bf,Arbitrum,WBTC,0.00964,aave-v3,264652331
2025-11-10T21:24:19.340031,e338c687-a5d8-4abf-bc04-127990811b0a,Plasma,USDT0,4.82137,aave-v3,192493172
2025-11-10T21:24:19.340031,58d18059-f1d1-45ed-acd3-f386e98cc506,Polygon,WBTC,0.0011,aave-v3,109122743
2025-11-10T21:24:19.340031,7e0661bf-8cf3-45e6-9424-31916d4c7b84,Base,USDC,4.5882,aave-v3,89004671
2025-11-10T21:24:19.340031,d9fa8e14-0447-4207-9ae8-7810199dfa1f,Arbitrum,USDC,3.74042,aave-v3,59432732
2025-11-10T21:24:19.340031,baee0253-eb6e-4a08-a579-a2acd4f034b2,Ethereum,USDTB,1.7836,aave-v3,46780998
2025-11-10T21:24:19.340031,e6692d08-85b6-4b50-952b-7c5c531862fe,Avalanche,USDT,2.01629,aave-v3,43953775
2025-11-10T21:24:19.340031,c4b05318-88af-4536-a834-f5fc8940d2d3,Avalanche,USDC,3.49402,aave-v3,39254722
2025-11-10T21:24:19.340031,e053590b-54f1-40aa-ae0d-14e701ca734c,Optimism,WBTC,0.0063,aave-v3,32436348
2025-11-10T21:24:19.340031,29be6a85-414f-4a66-b075-98863278912a,BSC,USDT,2.6577,aave-v3,29346865
2025-11-10T21:24:19.340031,32f04d80-25f9-439f-838d-3b15becf2d21,Gnosis,SDAI,0.0,aave-v3,20296487
2025-11-10T21:24:19.340031,9bf5faf4-32e3-437e-8080-c38eae10cfa6,Sonic,USDC,1.1012,aave-v3,16272382
2025-11-10T21:24:19.340031,3665ee7e-6c5d-49d9-abb7-c47ab5d9d4ac,Ethereum,DAI,3.99254,aave-v3,15718077
2025-11-10T21:24:19.340031,7e7821a2-3d20-4ae7-9c3d-04cd57904555,Polygon,USDT0,3.74323,aave-v3,14075515
2025-11-10T21:24:19.340031,1b8b4cdb-0728-42a8-bf13-2c8fea7427ee,Polygon,USDC,3.82449,aave-v3,13490226
2025-11-10T21:24:19.340031,6817bab0-5389-40a0-84d1-78830c1d81aa,Linea,USDT,1.65224,aave-v3,8789788
2025-11-10T21:24:19.340031,15cf7c05-b5f0-4bde-8745-a791528c4381,BSC,USDC,2.66961,aave-v3,8447769
2025-11-10T21:24:19.340031,5a49dee1-344d-4b50-a167-8f5faab08752,Linea,USDC,3.98458,aave-v3,7056826
2025-11-10T21:24:19.340031,0758c3b8-4ffb-4176-b0a9-f446e367db46,Optimism,USDC,3.84978,aave-v3,4871776
2025-11-10T21:24:19.340031,e68ecfb4-ba44-49e9-9626-31299405b520,Linea,WBTC,0.03022,aave-v3,3801631
2025-11-10T21:24:19.340031,a8e3d841-2788-4647-ad54-5a36fac451b1,Arbitrum,DAI,2.64078,aave-v3,1885721
2025-11-10T21:24:19.340031,3e669ce8-74c5-4fc9-bf85-f40a924c6407,Avalanche,DAI.E,1.98467,aave-v3,1819358
2025-11-10T21:24:19.340031,bde08c85-41c5-4d80-9bb1-0835a4352efa,Optimism,USDT,4.32333,aave-v3,1754583
2025-11-10T21:24:19.340031,c57bdc97-3100-41ff-845f-075363f6f5a4,Polygon,DAI,3.8792,aave-v3,1621225
2025-11-10T21:24:19.340031,461505e0-e631-4af0-b0e9-6a861d917939,Gnosis,USDC.E,3.94904,aave-v3,1453576
2025-11-10T21:24:19.340031,effcb4a4-4dcb-45e5-935d-f15542c13e6b,Ethereum,USDC,3.73533,aave-v3,1306079
2025-11-10T21:24:19.340031,24762515-822a-46af-927c-77a1dc449bd0,Optimism,USDC,1.75122,aave-v3,1038919
2025-11-10T21:24:19.340031,37b04faa-95bb-4ccb-9c4e-c70fa167342b,Polygon,USDC,2.96825,aave-v3,874321
2025-11-10T21:24:19.340031,78c4b5eb-6e36-4c3a-94b5-779e37dbf9a4,Celo,USDC,2.90651,aave-v3,682572
2025-11-10T21:24:19.340031,814326a1-e8f9-4dcd-9b35-952350ab74f7,Ethereum,FRAX,0.00181,aave-v3,533434
2025-11-10T21:24:19.340031,7aab7b0f-01c1-4467-bc0d-77826d870f19,Arbitrum,USDC,2.82643,aave-v3,530145
2025-11-10T21:24:19.340031,a214e900-2bcd-431f-9744-632fa5436fee,Ethereum,SDAI,0.0,aave-v3,478873
2025-11-10T21:24:19.340031,0cfcfe3b-29ff-47ff-97fa-078bf4755863,Metis,M.USDT,3.39798,aave-v3,419755
2025-11-10T21:24:19.340031,21091399-1187-4242-8e03-9b06032f9a8f,Gnosis,WXDAI,4.04061,aave-v3,278694
2025-11-10T21:24:19.340031,ec762755-29a1-41d8-957f-0b00dcf00dd6,Scroll,USDC,2.16662,aave-v3,239854
2025-11-10T21:24:19.340031,1c4598df-177c-4de8-a53b-3baa3fc49932,Metis,M.USDC,4.58732,aave-v3,234370
2025-11-10T21:24:19.340031,ff61171d-d7b0-4989-816c-b9bf02a15f00,Ethereum,WBTC,7.58228,morpho-v0-aavev2,208522
2025-11-10T21:24:19.340031,363e5586-cfee-402c-9b0b-be70366052e8,Optimism,DAI,3.81176,aave-v3,162471
2025-11-10T21:24:19.340031,4ef4eb9a-e22e-4190-b8f3-8c75373ad0d6,Ethereum,FRAX,1.65708,aave-v3,119562
2025-11-10T21:24:19.340031,5e498f38-9d6f-49b7-a197-9068103f9866,zkSync Era,USDC,5.7122,aave-v3,100812
2025-11-10T21:24:19.340031,8a561627-3d0c-436a-805c-8490c68fe014,zkSync Era,USDT,2.78522,aave-v3,92775
2025-11-10T21:24:19.340031,8d4d3acb-e1bf-471a-8256-36b90a8f4d25,Arbitrum,FRAX,1.15033,aave-v3,91099
2025-11-10T21:24:19.340031,325ad2d6-70b1-48d7-a557-c2c99a036f87,Ethereum,USDC,5.03524,morpho-v0-aavev2,45172
2025-11-10T21:24:19.340031,3cebd626-5ee5-4699-9f6c-090918bc5ebd,Metis,M.DAI,0.00549,aave-v3,32551
2025-11-10T21:24:19.340031,1343a280-7812-4bc3-8f98-d1c37e11d271,Ethereum,USDT,4.49963,morpho-v0-aavev2,17091
2025-11-10T22:26:05.599791,7e382157-b1bc-406d-b17b-facba43b716e,Ethereum,WBTC,0.00411,aave-v3,4508261134
2025-11-10T22:26:05.599791,aa70268e-4b52-42bf-a116-608b370f9501,Ethereum,USDC,4.62088,aave-v3,523054701
2025-11-10T22:26:05.599791,f981a304-bb6c-45b8-b0c5-fd2f515ad23a,Ethereum,USDT,4.74064,aave-v3,516991877
2025-11-10T22:26:05.599791,569ab5a6-76e4-46a6-abb6-b12be4197e31,Plasma,SYRUPUSDT,0.0,aave-v3,330387314
2025-11-10T22:26:05.599791,7c5e69a4-2430-4fa2-b7cb-857f79d7d1bf,Arbitrum,WBTC,0.00964,aave-v3,263212419
2025-11-10T22:26:05.599791,e338c687-a5d8-4abf-bc04-127990811b0a,Plasma,USDT0,4.87998,aave-v3,182560816
2025-11-10T22:26:05.599791,58d18059-f1d1-45ed-acd3-f386e98cc506,Polygon,WBTC,0.0011,aave-v3,108669949
2025-11-10T22:26:05.599791,7e0661bf-8cf3-45e6-9424-31916d4c7b84,Base,USDC,4.57387,aave-v3,89707505
2025-11-10T22:26:05.599791,d9fa8e14-0447-4207-9ae8-7810199dfa1f,Arbitrum,USDC,3.72706,aave-v3,59838625
2025-11-10T22:26:05.599791,baee0253-eb6e-4a08-a579-a2acd4f034b2,Ethereum,USDTB,1.78361,aave-v3,46789820
2025-11-10T22:26:05.599791,e6692d08-85b6-4b50-952b-7c5c531862fe,Avalanche,USDT,2.012,aave-v3,44020206
2025-11-10T22:26:05.599791,c4b05318-88af-4536-a834-f5fc8940d2d3,Avalanche,USDC,3.49456,aave-v3,39240906
2025-11-10T22:26:05.599791,e053590b-54f1-40aa-ae0d-14e701ca734c,Optimism,WBTC,0.00634,aave-v3,32283332
2025-11-10T22:26:05.599791,29be6a85-414f-4a66-b075-98863278912a,BSC,USDT,2.65712,aave-v3,29332722
2025-11-10T22:26:05.599791,32f04d80-25f9-439f-838d-3b15becf2d21,Gnosis,SDAI,0.0,aave-v3,20297242
2025-11-10T22:26:05.599791,9bf5faf4-32e3-437e-8080-c38eae10cfa6,Sonic,USDC,1.10855,aave-v3,16185607
2025-11-10T22:26:05.599791,3665ee7e-6c5d-49d9-abb7-c47ab5d9d4ac,Ethereum,DAI,3.97009,aave-v3,16117337
2025-11-10T22:26:05.599791,7e7821a2-3d20-4ae7-9c3d-04cd57904555,Polygon,USDT0,3.74079,aave-v3,14083431
2025-11-10T22:26:05.599791,1b8b4cdb-0728-42a8-bf13-2c8fea7427ee,Polygon,USDC,3.83113,aave-v3,13456248
2025-11-10T22:26:05.599791,5a49dee1-344d-4b50-a167-8f5faab08752,Linea,USDC,3.33226,aave-v3,9763355
2025-11-10T22:26:05.599791,6817bab0-5389-40a0-84d1-78830c1d81aa,Linea,USDT,1.6365,aave-v3,8843795
2025-11-10T22:26:05.599791,15cf7c05-b5f0-4bde-8745-a791528c4381,BSC,USDC,2.67785,aave-v3,8406015
2025-11-10T22:26:05.599791,0758c3b8-4ffb-4176-b0a9-f446e367db46,Optimism,USDC,3.85588,aave-v3,4852007
2025-11-10T22:26:05.599791,e68ecfb4-ba44-49e9-9626-31299405b520,Linea,WBTC,0.01838,aave-v3,3828333
2025-11-10T22:26:05.599791,a8e3d841-2788-4647-ad54-5a36fac451b1,Arbitrum,DAI,2.63364,aave-v3,1895900
2025-11-10T22:26:05.599791,3e669ce8-74c5-4fc9-bf85-f40a924c6407,Avalanche,DAI.E,1.98467,aave-v3,1820266
2025-11-10T22:26:05.599791,bde08c85-41c5-4d80-9bb1-0835a4352efa,Optimism,USDT,4.3122,aave-v3,1779066
2025-11-10T22:26:05.599791,c57bdc97-3100-41ff-845f-075363f6f5a4,Polygon,DAI,3.87921,aave-v3,1621375
2025-11-10T22:26:05.599791,461505e0-e631-4af0-b0e9-6a861d917939,Gnosis,USDC.E,3.94904,aave-v3,1450865
2025-11-10T22:26:05.599791,effcb4a4-4dcb-45e5-935d-f15542c13e6b,Ethereum,USDC,3.73533,aave-v3,1306005
2025-11-10T22:26:05.599791,24762515-822a-46af-927c-77a1dc449bd0,Optimism,USDC,1.75202,aave-v3,1039489
2025-11-10T22:26:05.599791,37b04faa-95bb-4ccb-9c4e-c70fa167342b,Polygon,USDC,2.96975,aave-v3,873385
2025-11-10T22:26:05.599791,78c4b5eb-6e36-4c3a-94b5-779e37dbf9a4,Celo,USDC,2.90651,aave-v3,682562
2025-11-10T22:26:05.599791,7aab7b0f-01c1-4467-bc0d-77826d870f19,Arbitrum,USDC,2.78032,aave-v3,540605
2025-11-10T22:26:05.599791,814326a1-e8f9-4dcd-9b35-952350ab74f7,Ethereum,FRAX,0.00181,aave-v3,533145
2025-11-10T22:26:05.599791,a214e900-2bcd-431f-9744-632fa5436fee,Ethereum,SDAI,0.0,aave-v3,479398
2025-11-10T22:26:05.599791,0cfcfe3b-29ff-47ff-97fa-078bf4755863,Metis,M.USDT,3.39798,aave-v3,422555
2025-11-10T22:26:05.599791,21091399-1187-4242-8e03-9b06032f9a8f,Gnosis,WXDAI,4.04061,aave-v3,278693
2025-11-10T22:26:05.599791,ec762755-29a1-41d8-957f-0b00dcf00dd6,Scroll,USDC,2.16664,aave-v3,239928
2025-11-10T22:26:05.599791,1c4598df-177c-4de8-a53b-3baa3fc49932,Metis,M.USDC,4.58732,aave-v3,234050
2025-11-10T22:26:05.599791,ff61171d-d7b0-4989-816c-b9bf02a15f00,Ethereum,WBTC,7.58228,morpho-v0-aavev2,208522
2025-11-10T22:26:05.599791,363e5586-cfee-402c-9b0b-be70366052e8,Optimism,DAI,3.80803,aave-v3,163029
2025-11-10T22:26:05.599791,4ef4eb9a-e22e-4190-b8f3-8c75373ad0d6,Ethereum,FRAX,1.65708,aave-v3,119497
2025-11-10T22:26:05.599791,5e498f38-9d6f-49b7-a197-9068103f9866,zkSync Era,USDC,5.7122,aave-v3,100811
2025-11-10T22:26:05.599791,8a561627-3d0c-436a-805c-8490c68fe014,zkSync Era,USDT,2.78522,aave-v3,93394
2025-11-10T22:26:05.599791,8d4d3acb-e1bf-471a-8256-36b90a8f4d25,Arbitrum,FRAX,1.15033,aave-v3,91050
2025-11-10T22:26:05.599791,325ad2d6-70b1-48d7-a557-c2c99a036f87,Ethereum,USDC,5.03524,morpho-v0-aavev2,45172
2025-11-10T22:26:05.599791,3cebd626-5ee5-4699-9f6c-090918bc5ebd,Metis,M.DAI,0.00549,aave-v3,32521
2025-11-10T22:26:05.599791,1343a280-7812-4bc3-8f98-d1c37e11d271,Ethereum,USDT,4.49963,morpho-v0-aavev2,17091
2025-11-10T23:24:24.495202,7e382157-b1bc-406d-b17b-facba43b716e,Ethereum,WBTC,0.00411,aave-v3,4529520891
2025-11-10T23:24:24.495202,f981a304-bb6c-45b8-b0c5-fd2f515ad23a,Ethereum,USDT,4.72438,aave-v3,525525669
2025-11-10T23:24:24.495202,aa70268e-4b52-42bf-a116-608b370f9501,Ethereum,USDC,4.61953,aave-v3,524032453
2025-11-10T23:24:24.495202,569ab5a6-76e4-46a6-abb6-b12be4197e31,Plasma,SYRUPUSDT,0.0,aave-v3,330395725
2025-11-10T23:24:24.495202,7c5e69a4-2430-4fa2-b7cb-857f79d7d1bf,Arbitrum,WBTC,0.00965,aave-v3,264338211
2025-11-10T23:24:24.495202,e338c687-a5d8-4abf-bc04-127990811b0a,Plasma,USDT0,4.87928,aave-v3,182649155
2025-11-10T23:24:24.495202,58d18059-f1d1-45ed-acd3-f386e98cc506,Polygon,WBTC,0.0011,aave-v3,109143282
2025-11-10T23:24:24.495202,7e0661bf-8cf3-45e6-9424-31916d4c7b84,Base,USDC,4.61847,aave-v3,87603619
2025-11-10T23:24:24.495202,d9fa8e14-0447-4207-9ae8-7810199dfa1f,Arbitrum,USDC,3.73338,aave-v3,59659587
2025-11-10T23:24:24.495202,baee0253-eb6e-4a08-a579-a2acd4f034b2,Ethereum,USDTB,1.78361,aave-v3,46793525
2025-11-10T23:24:24.495202,e6692d08-85b6-4b50-952b-7c5c531862fe,Avalanche,USDT,2.00582,aave-v3,44120040
2025-11-10T23:24:24.495202,c4b05318-88af-4536-a834-f5fc8940d2d3,Avalanche,USDC,3.49702,aave-v3,39187158
2025-11-10T23:24:24.495202,e053590b-54f1-40aa-ae0d-14e701ca734c,Optimism,WBTC,0.0063,aave-v3,32437907
2025-11-10T23:24:24.495202,29be6a85-414f-4a66-b075-98863278912a,BSC,USDT,2.64668,aave-v3,29470256
2025-11-10T23:24:24.495202,32f04d80-25f9-439f-838d-3b15becf2d21,Gnosis,SDAI,0.0,aave-v3,20297131
2025-11-10T23:24:24.495202,3665ee7e-6c5d-49d9-abb7-c47ab5d9d4ac,Ethereum,DAI,3.947,aave-v3,16547378
2025-11-10T23:24:24.495202,9bf5faf4-32e3-437e-8080-c38eae10cfa6,Sonic,USDC,1.11289,aave-v3,16137724
2025-11-10T23:24:24.495202,7e7821a2-3d20-4ae7-9c3d-04cd57904555,Polygon,USDT0,3.74326,aave-v3,14064651
2025-11-10T23:24:24.495202,1b8b4cdb-0728-42a8-bf13-2c8fea7427ee,Polygon,USDC,3.83541,aave-v3,13424697
2025-11-10T23:24:24.495202,5a49dee1-344d-4b50-a167-8f5faab08752,Linea,USDC,3.39806,aave-v3,9379469
2025-11-10T23:24:24.495202,6817bab0-5389-40a0-84d1-78830c1d81aa,Linea,USDT,1.64555,aave-v3,8793685
2025-11-10T23:24:24.495202,15cf7c05-b5f0-4bde-8745-a791528c4381,BSC,USDC,2.69136,aave-v3,8347785
2025-11-10T23:24:24.495202,0758c3b8-4ffb-4176-b0a9-f446e367db46,Optimism,USDC,3.85466,aave-v3,4855590
2025-11-10T23:24:24.495202,e68ecfb4-ba44-49e9-9626-31299405b520,Linea,WBTC,0.02989,aave-v3,3800654
2025-11-10T23:24:24.495202,a8e3d841-2788-4647-ad54-5a36fac451b1,Arbitrum,DAI,2.63365,aave-v3,1894395
2025-11-10T23:24:24.495202,3e669ce8-74c5-4fc9-bf85-f40a924c6407,Avalanche,DAI.E,1.98467,aave-v3,1820498
2025-11-10T23:24:24.495202,bde08c85-41c5-4d80-9bb1-0835a4352efa,Optimism,USDT,4.31223,aave-v3,1772617
2025-11-10T23:24:24.495202,c57bdc97-3100-41ff-845f-075363f6f5a4,Polygon,DAI,3.7998,aave-v3,1681386
2025-11-10T23:24:24.495202,461505e0-e631-4af0-b0e9-6a861d917939,Gnosis,USDC.E,3.94904,aave-v3,1457895
2025-11-10T23:24:24.495202,effcb4a4-4dcb-45e5-935d-f15542c13e6b,Ethereum,USDC,3.74738,aave-v3,1293560
2025-11-10T23:24:24.495202,24762515-822a-46af-927c-77a1dc449bd0,Optimism,USDC,1.75207,aave-v3,1039404
2025-11-10T23:24:24.495202,37b04faa-95bb-4ccb-9c4e-c70fa167342b,Polygon,USDC,2.96979,aave-v3,873336
2025-11-10T23:24:24.495202,78c4b5eb-6e36-4c3a-94b5-779e37dbf9a4,Celo,USDC,2.88796,aave-v3,687622
2025-11-10T23:24:24.495202,7aab7b0f-01c1-4467-bc0d-77826d870f19,Arbitrum,USDC,2.79543,aave-v3,537088
2025-11-10T23:24:24.495202,814326a1-e8f9-4dcd-9b35-952350ab74f7,Ethereum,FRAX,0.00181,aave-v3,533232
2025-11-10T23:24:24.495202,a214e900-2bcd-431f-9744-632fa5436fee,Ethereum,SDAI,0.0,aave-v3,478951
2025-11-10T23:24:24.495202,0cfcfe3b-29ff-47ff-97fa-078bf4755863,Metis,M.USDT,3.39852,aave-v3,420932
2025-11-10T23:24:24.495202,21091399-1187-4242-8e03-9b06032f9a8f,Gnosis,WXDAI,4.04076,aave-v3,278625
2025-11-10T23:24:24.495202,ec762755-29a1-41d8-957f-0b00dcf00dd6,Scroll,USDC,2.16664,aave-v3,240192
2025-11-10T23:24:24.495202,1c4598df-177c-4de8-a53b-3baa3fc49932,Metis,M.USDC,4.58732,aave-v3,234065
2025-11-10T23:24:24.495202,ff61171d-d7b0-4989-816c-b9bf02a15f00,Ethereum,WBTC,7.58228,morpho-v0-aavev2,208522
2025-11-10T23:24:24.495202,363e5586-cfee-402c-9b0b-be70366052e8,Optimism,DAI,3.80803,aave-v3,163344
2025-11-10T23:24:24.495202,4ef4eb9a-e22e-4190-b8f3-8c75373ad0d6,Ethereum,FRAX,1.65708,aave-v3,119516
2025-11-10T23:24:24.495202,5e498f38-9d6f-49b7-a197-9068103f9866,zkSync Era,USDC,5.7122,aave-v3,100820
2025-11-10T23:24:24.495202,8a561627-3d0c-436a-805c-8490c68fe014,zkSync Era,USDT,2.78522,aave-v3,93057
2025-11-10T23:24:24.495202,8d4d3acb-e1bf-471a-8256-36b90a8f4d25,Arbitrum,FRAX,1.15033,aave-v3,91065
2025-11-10T23:24:24.495202,325ad2d6-70b1-48d7-a557-c2c99a036f87,Ethereum,USDC,5.03524,morpho-v0-aavev2,45172
2025-11-10T23:24:24.495202,3cebd626-5ee5-4699-9f6c-090918bc5ebd,Metis,M.DAI,0.00549,aave-v3,32527
2025-11-10T23:24:24.495202,1343a280-7812-4bc3-8f98-d1c37e11d271,Ethereum,USDT,4.49963,morpho-v0-aavev2,17091
2025-11-11T02:02:54.409373,7e382157-b1bc-406d-b17b-facba43b716e,Ethereum,WBTC,0.00411,aave-v3,4528620147
2025-11-11T02:02:54.409373,f981a304-bb6c-45b8-b0c5-fd2f515ad23a,Ethereum,USDT,4.72309,aave-v3,526080290
2025-11-11T02:02:54.409373,aa70268e-4b52-42bf-a116-608b370f9501,Ethereum,USDC,4.61729,aave-v3,525047054
2025-11-11T02:02:54.409373,569ab5a6-76e4-46a6-abb6-b12be4197e31,Plasma,SYRUPUSDT,0.0,aave-v3,330406012
2025-11-11T02:02:54.409373,7c5e69a4-2430-4fa2-b7cb-857f79d7d1bf,Arbitrum,WBTC,0.00966,aave-v3,264562678
2025-11-11T02:02:54.409373,e338c687-a5d8-4abf-bc04-127990811b0a,Plasma,USDT0,4.93092,aave-v3,173261917
2025-11-11T02:02:54.409373,58d18059-f1d1-45ed-acd3-f386e98cc506,Polygon,WBTC,0.0011,aave-v3,109183237
2025-11-11T02:02:54.409373,7e0661bf-8cf3-45e6-9424-31916d4c7b84,Base,USDC,4.61698,aave-v3,87661678
2025-11-11T02:02:54.409373,d9fa8e14-0447-4207-9ae8-7810199dfa1f,Arbitrum,USDC,3.69293,aave-v3,60985412
2025-11-11T02:02:54.409373,baee0253-eb6e-4a08-a579-a2acd4f034b2,Ethereum,USDTB,1.78361,aave-v3,46859513
2025-11-11T02:02:54.409373,e6692d08-85b6-4b50-952b-7c5c531862fe,Avalanche,USDT,2.00851,aave-v3,44050893
2025-11-11T02:02:54.409373,c4b05318-88af-4536-a834-f5fc8940d2d3,Avalanche,USDC,3.47842,aave-v3,39561229
2025-11-11T02:02:54.409373,e053590b-54f1-40aa-ae0d-14e701ca734c,Optimism,WBTC,0.00631,aave-v3,32430487
2025-11-11T02:02:54.409373,29be6a85-414f-4a66-b075-98863278912a,BSC,USDT,2.64791,aave-v3,29460680
2025-11-11T02:02:54.409373,32f04d80-25f9-439f-838d-3b15becf2d21,Gnosis,SDAI,0.0,aave-v3,20297438
2025-11-11T02:02:54.409373,3665ee7e-6c5d-49d9-abb7-c47ab5d9d4ac,Ethereum,DAI,3.95007,aave-v3,16496715
2025-11-11T02:02:54.409373,9bf5faf4-32e3-437e-8080-c38eae10cfa6,Sonic,USDC,1.09511,aave-v3,16341532
2025-11-11T02:02:54.409373,7e7821a2-3d20-4ae7-9c3d-04cd57904555,Polygon,USDT0,3.73905,aave-v3,14102067
2025-11-11T02:02:54.409373,1b8b4cdb-0728-42a8-bf13-2c8fea7427ee,Polygon,USDC,3.82904,aave-v3,13449916
2025-11-11T02:02:54.409373,5a49dee1-344d-4b50-a167-8f5faab08752,Linea,USDC,3.46508,aave-v3,9024114
2025-11-11T02:02:54.409373,6817bab0-5389-40a0-84d1-78830c1d81aa,Linea,USDT,1.65985,aave-v3,8717514
2025-11-11T02:02:54.409373,15cf7c05-b5f0-4bde-8745-a791528c4381,BSC,USDC,2.73467,aave-v3,8153469
2025-11-11T02:02:54.409373,0758c3b8-4ffb-4176-b0a9-f446e367db46,Optimism,USDC,3.85327,aave-v3,4857927
2025-11-11T02:02:54.409373,e68ecfb4-ba44-49e9-9626-31299405b520,Linea,WBTC,0.01838,aave-v3,3844763
2025-11-11T02:02:54.409373,a8e3d841-2788-4647-ad54-5a36fac451b1,Arbitrum,DAI,2.63761,aave-v3,1895730
2025-11-11T02:02:54.409373,3e669ce8-74c5-4fc9-bf85-f40a924c6407,Avalanche,DAI.E,1.98331,aave-v3,1821854
2025-11-11T02:02:54.409373,bde08c85-41c5-4d80-9bb1-0835a4352efa,Optimism,USDT,4.30785,aave-v3,1779632
2025-11-11T02:02:54.409373,c57bdc97-3100-41ff-845f-075363f6f5a4,Polygon,DAI,3.80328,aave-v3,1678723
2025-11-11T02:02:54.409373,461505e0-e631-4af0-b0e9-6a861d917939,Gnosis,USDC.E,3.94904,aave-v3,1453783
2025-11-11T02:02:54.409373,effcb4a4-4dcb-45e5-935d-f15542c13e6b,Ethereum,USDC,3.74738,aave-v3,1293464
2025-11-11T02:02:54.409373,24762515-822a-46af-927c-77a1dc449bd0,Optimism,USDC,1.75208,aave-v3,1039324
2025-11-11T02:02:54.409373,37b04faa-95bb-4ccb-9c4e-c70fa167342b,Polygon,USDC,2.97702,aave-v3,868350
2025-11-11T02:02:54.409373,78c4b5eb-6e36-4c3a-94b5-779e37dbf9a4,Celo,USDC,2.88785,aave-v3,687620
2025-11-11T02:02:54.409373,7aab7b0f-01c1-4467-bc0d-77826d870f19,Arbitrum,USDC,2.7804,aave-v3,541121
2025-11-11T02:02:54.409373,814326a1-e8f9-4dcd-9b35-952350ab74f7,Ethereum,FRAX,0.00181,aave-v3,533104
2025-11-11T02:02:54.409373,a214e900-2bcd-431f-9744-632fa5436fee,Ethereum,SDAI,0.0,aave-v3,479091
2025-11-11T02:02:54.409373,0cfcfe3b-29ff-47ff-97fa-078bf4755863,Metis,M.USDT,3.39852,aave-v3,421395
2025-11-11T02:02:54.409373,21091399-1187-4242-8e03-9b06032f9a8f,Gnosis,WXDAI,4.04071,aave-v3,278637
2025-11-11T02:02:54.409373,ec762755-29a1-41d8-957f-0b00dcf00dd6,Scroll,USDC,2.16664,aave-v3,239548
2025-11-11T02:02:54.409373,1c4598df-177c-4de8-a53b-3baa3fc49932,Metis,M.USDC,4.58732,aave-v3,234232
2025-11-11T02:02:54.409373,ff61171d-d7b0-4989-816c-b9bf02a15f00,Ethereum,WBTC,7.58235,morpho-v0-aavev2,208522
2025-11-11T02:02:54.409373,363e5586-cfee-402c-9b0b-be70366052e8,Optimism,DAI,3.74403,aave-v3,173058
2025-11-11T02:02:54.409373,4ef4eb9a-e22e-4190-b8f3-8c75373ad0d6,Ethereum,FRAX,1.65708,aave-v3,119488
2025-11-11T02:02:54.409373,5e498f38-9d6f-49b7-a197-9068103f9866,zkSync Era,USDC,5.7122,aave-v3,100812
2025-11-11T02:02:54.409373,8a561627-3d0c-436a-805c-8490c68fe014,zkSync Era,USDT,2.78522,aave-v3,93160
2025-11-11T02:02:54.409373,8d4d3acb-e1bf-471a-8256-36b90a8f4d25,Arbitrum,FRAX,1.15033,aave-v3,91043
2025-11-11T02:02:54.409373,325ad2d6-70b1-48d7-a557-c2c99a036f87,Ethereum,USDC,5.03537,morpho-v0-aavev2,45172
2025-11-11T02:02:54.409373,3cebd626-5ee5-4699-9f6c-090918bc5ebd,Metis,M.DAI,0.00549,aave-v3,32551
2025-11-11T02:02:54.409373,1343a280-7812-4bc3-8f98-d1c37e11d271,Ethereum,USDT,4.49963,morpho-v0-aavev2,17091
2025-11-11T03:49:00.708586,7e382157-b1bc-406d-b17b-facba43b716e,Ethereum,WBTC,0.00411,aave-v3,4558193192
2025-11-11T03:49:00.708586,aa70268e-4b52-42bf-a116-608b370f9501,Ethereum,USDC,4.41497,aave-v3,630477903
2025-11-11T03:49:00.708586,f981a304-bb6c-45b8-b0c5-fd2f515ad23a,Ethereum,USDT,5.10702,aave-v3,399387840
2025-11-11T03:49:00.708586,569ab5a6-76e4-46a6-abb6-b12be4197e31,Plasma,SYRUPUSDT,0.0,aave-v3,330374156
2025-11-11T03:49:00.708586,7c5e69a4-2430-4fa2-b7cb-857f79d7d1bf,Arbitrum,WBTC,0.00972,aave-v3,265855769
2025-11-11T03:49:00.708586,e338c687-a5d8-4abf-bc04-127990811b0a,Plasma,USDT0,5.07255,aave-v3,147470233
2025-11-11T03:49:00.708586,58d18059-f1d1-45ed-acd3-f386e98cc506,Polygon,WBTC,0.00111,aave-v3,109779084
2025-11-11T03:49:00.708586,7e0661bf-8cf3-45e6-9424-31916d4c7b84,Base,USDC,4.61402,aave-v3,87846044
2025-11-11T03:49:00.708586,d9fa8e14-0447-4207-9ae8-7810199dfa1f,Arbitrum,USDC,3.69424,aave-v3,61219587
2025-11-11T03:49:00.708586,baee0253-eb6e-4a08-a579-a2acd4f034b2,Ethereum,USDTB,1.78364,aave-v3,46806261
2025-11-11T03:49:00.708586,e6692d08-85b6-4b50-952b-7c5c531862fe,Avalanche,USDT,1.9973,aave-v3,44339837
2025-11-11T03:49:00.708586,c4b05318-88af-4536-a834-f5fc8940d2d3,Avalanche,USDC,3.44428,aave-v3,40370976
2025-11-11T03:49:00.708586,e053590b-54f1-40aa-ae0d-14e701ca734c,Optimism,WBTC,0.00628,aave-v3,32662122
2025-11-11T03:49:00.708586,29be6a85-414f-4a66-b075-98863278912a,BSC,USDT,2.64398,aave-v3,29504830
2025-11-11T03:49:00.708586,32f04d80-25f9-439f-838d-3b15becf2d21,Gnosis,SDAI,0.0,aave-v3,20288759
2025-11-11T03:49:00.708586,3665ee7e-6c5d-49d9-abb7-c47ab5d9d4ac,Ethereum,DAI,3.94991,aave-v3,16496892
2025-11-11T03:49:00.708586,9bf5faf4-32e3-437e-8080-c38eae10cfa6,Sonic,USDC,1.09331,aave-v3,16352980
2025-11-11T03:49:00.708586,7e7821a2-3d20-4ae7-9c3d-04cd57904555,Polygon,USDT0,3.73948,aave-v3,14098201
2025-11-11T03:49:00.708586,1b8b4cdb-0728-42a8-bf13-2c8fea7427ee,Polygon,USDC,3.8329,aave-v3,13431646
2025-11-11T03:49:00.708586,5a49dee1-344d-4b50-a167-8f5faab08752,Linea,USDC,3.52613,aave-v3,8763809
2025-11-11T03:49:00.708586,6817bab0-5389-40a0-84d1-78830c1d81aa,Linea,USDT,1.73252,aave-v3,8472647
2025-11-11T03:49:00.708586,15cf7c05-b5f0-4bde-8745-a791528c4381,BSC,USDC,2.78346,aave-v3,7932687
2025-11-11T03:49:00.708586,0758c3b8-4ffb-4176-b0a9-f446e367db46,Optimism,USDC,3.86178,aave-v3,4835995
2025-11-11T03:49:00.708586,e68ecfb4-ba44-49e9-9626-31299405b520,Linea,WBTC,0.0487,aave-v3,3760292
2025-11-11T03:49:00.708586,a8e3d841-2788-4647-ad54-5a36fac451b1,Arbitrum,DAI,2.62358,aave-v3,1909374
2025-11-11T03:49:00.708586,3e669ce8-74c5-4fc9-bf85-f40a924c6407,Avalanche,DAI.E,1.98331,aave-v3,1820122
2025-11-11T03:49:00.708586,bde08c85-41c5-4d80-9bb1-0835a4352efa,Optimism,USDT,4.30525,aave-v3,1780147
2025-11-11T03:49:00.708586,c57bdc97-3100-41ff-845f-075363f6f5a4,Polygon,DAI,3.75785,aave-v3,1713866
2025-11-11T03:49:00.708586,461505e0-e631-4af0-b0e9-6a861d917939,Gnosis,USDC.E,3.94904,aave-v3,1451298
2025-11-11T03:49:00.708586,effcb4a4-4dcb-45e5-935d-f15542c13e6b,Ethereum,USDC,3.74738,aave-v3,1293465
2025-11-11T03:49:00.708586,24762515-822a-46af-927c-77a1dc449bd0,Optimism,USDC,1.75082,aave-v3,1040885
2025-11-11T03:49:00.708586,37b04faa-95bb-4ccb-9c4e-c70fa167342b,Polygon,USDC,2.98325,aave-v3,864271
2025-11-11T03:49:00.708586,78c4b5eb-6e36-4c3a-94b5-779e37dbf9a4,Celo,USDC,2.88785,aave-v3,687623
2025-11-11T03:49:00.708586,814326a1-e8f9-4dcd-9b35-952350ab74f7,Ethereum,FRAX,0.00181,aave-v3,533417
2025-11-11T03:49:00.708586,7aab7b0f-01c1-4467-bc0d-77826d870f19,Arbitrum,USDC,2.89365,aave-v3,510985
2025-11-11T03:49:00.708586,a214e900-2bcd-431f-9744-632fa5436fee,Ethereum,SDAI,0.0,aave-v3,478924
2025-11-11T03:49:00.708586,0cfcfe3b-29ff-47ff-97fa-078bf4755863,Metis,M.USDT,3.40002,aave-v3,420529
2025-11-11T03:49:00.708586,21091399-1187-4242-8e03-9b06032f9a8f,Gnosis,WXDAI,4.04071,aave-v3,278668
2025-11-11T03:49:00.708586,ec762755-29a1-41d8-957f-0b00dcf00dd6,Scroll,USDC,2.17508,aave-v3,238159
2025-11-11T03:49:00.708586,1c4598df-177c-4de8-a53b-3baa3fc49932,Metis,M.USDC,4.58732,aave-v3,233906
2025-11-11T03:49:00.708586,ff61171d-d7b0-4989-816c-b9bf02a15f00,Ethereum,WBTC,7.58236,morpho-v0-aavev2,208522
2025-11-11T03:49:00.708586,363e5586-cfee-402c-9b0b-be70366052e8,Optimism,DAI,3.74403,aave-v3,172399
2025-11-11T03:49:00.708586,4ef4eb9a-e22e-4190-b8f3-8c75373ad0d6,Ethereum,FRAX,1.65708,aave-v3,119558
2025-11-11T03:49:00.708586,5e498f38-9d6f-49b7-a197-9068103f9866,zkSync Era,USDC,5.66589,aave-v3,100964
2025-11-11T03:49:00.708586,8a561627-3d0c-436a-805c-8490c68fe014,zkSync Era,USDT,2.78522,aave-v3,93029
2025-11-11T03:49:00.708586,8d4d3acb-e1bf-471a-8256-36b90a8f4d25,Arbitrum,FRAX,1.15033,aave-v3,91096
2025-11-11T03:49:00.708586,325ad2d6-70b1-48d7-a557-c2c99a036f87,Ethereum,USDC,5.03537,morpho-v0-aavev2,45172
2025-11-11T03:49:00.708586,3cebd626-5ee5-4699-9f6c-090918bc5ebd,Metis,M.DAI,0.00549,aave-v3,32546
2025-11-11T03:49:00.708586,1343a280-7812-4bc3-8f98-d1c37e11d271,Ethereum,USDT,4.49963,morpho-v0-aavev2,17091
2025-11-11T04:31:07.681986,7e382157-b1bc-406d-b17b-facba43b716e,Ethereum,WBTC,0.00415,aave-v3,4552248681
2025-11-11T04:31:07.681986,aa70268e-4b52-42bf-a116-608b370f9501,Ethereum,USDC,4.4222,aave-v3,626920504
2025-11-11T04:31:07.681986,f981a304-bb6c-45b8-b0c5-fd2f515ad23a,Ethereum,USDT,5.09182,aave-v3,400202424
2025-11-11T04:31:07.681986,569ab5a6-76e4-46a6-abb6-b12be4197e31,Plasma,SYRUPUSDT,0.0,aave-v3,330381392
2025-11-11T04:31:07.681986,7c5e69a4-2430-4fa2-b7cb-857f79d7d1bf,Arbitrum,WBTC,0.00997,aave-v3,265423466
2025-11-11T04:31:07.681986,e338c687-a5d8-4abf-bc04-127990811b0a,Plasma,USDT0,5.06878,aave-v3,148104844
2025-11-11T04:31:07.681986,58d18059-f1d1-45ed-acd3-f386e98cc506,Polygon,WBTC,0.0011,aave-v3,109729306
2025-11-11T04:31:07.681986,7e0661bf-8cf3-45e6-9424-31916d4c7b84,Base,USDC,4.61066,aave-v3,87988935
2025-11-11T04:31:07.681986,d9fa8e14-0447-4207-9ae8-7810199dfa1f,Arbitrum,USDC,3.68372,aave-v3,61607812
2025-11-11T04:31:07.681986,baee0253-eb6e-4a08-a579-a2acd4f034b2,Ethereum,USDTB,1.78398,aave-v3,46801142
2025-11-11T04:31:07.681986,e6692d08-85b6-4b50-952b-7c5c531862fe,Avalanche,USDT,2.05296,aave-v3,42906307
2025-11-11T04:31:07.681986,c4b05318-88af-4536-a834-f5fc8940d2d3,Avalanche,USDC,3.52424,aave-v3,38477863
2025-11-11T04:31:07.681986,e053590b-54f1-40aa-ae0d-14e701ca734c,Optimism,WBTC,0.00632,aave-v3,32620170
2025-11-11T04:31:07.681986,29be6a85-414f-4a66-b075-98863278912a,BSC,USDT,2.64398,aave-v3,29487856
2025-11-11T04:31:07.681986,32f04d80-25f9-439f-838d-3b15becf2d21,Gnosis,SDAI,0.0,aave-v3,20297561
2025-11-11T04:31:07.681986,9bf5faf4-32e3-437e-8080-c38eae10cfa6,Sonic,USDC,1.0315,aave-v3,17108311
2025-11-11T04:31:07.681986,3665ee7e-6c5d-49d9-abb7-c47ab5d9d4ac,Ethereum,DAI,3.94987,aave-v3,16501368
2025-11-11T04:31:07.681986,7e7821a2-3d20-4ae7-9c3d-04cd57904555,Polygon,USDT0,3.73602,aave-v3,14118210
2025-11-11T04:31:07.681986,1b8b4cdb-0728-42a8-bf13-2c8fea7427ee,Polygon,USDC,3.84275,aave-v3,13377606
2025-11-11T04:31:07.681986,5a49dee1-344d-4b50-a167-8f5faab08752,Linea,USDC,3.52323,aave-v3,8767249
2025-11-11T04:31:07.681986,6817bab0-5389-40a0-84d1-78830c1d81aa,Linea,USDT,1.73253,aave-v3,8476565
2025-11-11T04:31:07.681986,15cf7c05-b5f0-4bde-8745-a791528c4381,BSC,USDC,2.79835,aave-v3,7863832
2025-11-11T04:31:07.681986,0758c3b8-4ffb-4176-b0a9-f446e367db46,Optimism,USDC,3.86395,aave-v3,4830593
2025-11-11T04:31:07.681986,e68ecfb4-ba44-49e9-9626-31299405b520,Linea,WBTC,0.05079,aave-v3,3748859
2025-11-11T04:31:07.681986,a8e3d841-2788-4647-ad54-5a36fac451b1,Arbitrum,DAI,2.62358,aave-v3,1908363
2025-11-11T04:31:07.681986,3e669ce8-74c5-4fc9-bf85-f40a924c6407,Avalanche,DAI.E,1.98331,aave-v3,1819462
2025-11-11T04:31:07.681986,bde08c85-41c5-4d80-9bb1-0835a4352efa,Optimism,USDT,4.30525,aave-v3,1776678
2025-11-11T04:31:07.681986,c57bdc97-3100-41ff-845f-075363f6f5a4,Polygon,DAI,3.75278,aave-v3,1717984
2025-11-11T04:31:07.681986,461505e0-e631-4af0-b0e9-6a861d917939,Gnosis,USDC.E,3.94904,aave-v3,1449586
2025-11-11T04:31:07.681986,effcb4a4-4dcb-45e5-935d-f15542c13e6b,Ethereum,USDC,3.74738,aave-v3,1293465
2025-11-11T04:31:07.681986,24762515-822a-46af-927c-77a1dc449bd0,Optimism,USDC,1.75001,aave-v3,1041263
2025-11-11T04:31:07.681986,37b04faa-95bb-4ccb-9c4e-c70fa167342b,Polygon,USDC,2.96845,aave-v3,876188
2025-11-11T04:31:07.681986,78c4b5eb-6e36-4c3a-94b5-779e37dbf9a4,Celo,USDC,2.88785,aave-v3,687620
2025-11-11T04:31:07.681986,7aab7b0f-01c1-4467-bc0d-77826d870f19,Arbitrum,USDC,2.72973,aave-v3,579947
2025-11-11T04:31:07.681986,814326a1-e8f9-4dcd-9b35-952350ab74f7,Ethereum,FRAX,0.00181,aave-v3,533299
2025-11-11T04:31:07.681986,a214e900-2bcd-431f-9744-632fa5436fee,Ethereum,SDAI,0.0,aave-v3,479327
2025-11-11T04:31:07.681986,0cfcfe3b-29ff-47ff-97fa-078bf4755863,Metis,M.USDT,3.40002,aave-v3,419706
2025-11-11T04:31:07.681986,21091399-1187-4242-8e03-9b06032f9a8f,Gnosis,WXDAI,4.04071,aave-v3,278637
2025-11-11T04:31:07.681986,ec762755-29a1-41d8-957f-0b00dcf00dd6,Scroll,USDC,2.17508,aave-v3,238023
2025-11-11T04:31:07.681986,1c4598df-177c-4de8-a53b-3baa3fc49932,Metis,M.USDC,4.58732,aave-v3,234228
2025-11-11T04:31:07.681986,ff61171d-d7b0-4989-816c-b9bf02a15f00,Ethereum,WBTC,7.58236,morpho-v0-aavev2,208522
2025-11-11T04:31:07.681986,363e5586-cfee-402c-9b0b-be70366052e8,Optimism,DAI,3.74403,aave-v3,172343
2025-11-11T04:31:07.681986,4ef4eb9a-e22e-4190-b8f3-8c75373ad0d6,Ethereum,FRAX,1.65708,aave-v3,119532
2025-11-11T04:31:07.681986,5e498f38-9d6f-49b7-a197-9068103f9866,zkSync Era,USDC,5.66589,aave-v3,100963
2025-11-11T04:31:07.681986,8a561627-3d0c-436a-805c-8490c68fe014,zkSync Era,USDT,2.78532,aave-v3,92849
2025-11-11T04:31:07.681986,8d4d3acb-e1bf-471a-8256-36b90a8f4d25,Arbitrum,FRAX,1.15033,aave-v3,91076
2025-11-11T04:31:07.681986,325ad2d6-70b1-48d7-a557-c2c99a036f87,Ethereum,USDC,5.03537,morpho-v0-aavev2,45172
2025-11-11T04:31:07.681986,3cebd626-5ee5-4699-9f6c-090918bc5ebd,Metis,M.DAI,0.00549,aave-v3,32553
2025-11-11T04:31:07.681986,1343a280-7812-4bc3-8f98-d1c37e11d271,Ethereum,USDT,4.49963,morpho-v0-aavev2,17091
2025-11-11T05:26:51.669620,7e382157-b1bc-406d-b17b-facba43b716e,Ethereum,WBTC,0.00411,aave-v3,4524675196
2025-11-11T05:26:51.669620,aa70268e-4b52-42bf-a116-608b370f9501,Ethereum,USDC,4.42527,aave-v3,625511054
2025-11-11T05:26:51.669620,f981a304-bb6c-45b8-b0c5-fd2f515ad23a,Ethereum,USDT,5.03772,aave-v3,402920147
2025-11-11T05:26:51.669620,569ab5a6-76e4-46a6-abb6-b12be4197e31,Plasma,SYRUPUSDT,0.0,aave-v3,330396340
2025-11-11T05:26:51.669620,7c5e69a4-2430-4fa2-b7cb-857f79d7d1bf,Arbitrum,WBTC,0.01003,aave-v3,263503728
2025-11-11T05:26:51.669620,e338c687-a5d8-4abf-bc04-127990811b0a,Plasma,USDT0,5.07958,aave-v3,146064928
2025-11-11T05:26:51.669620,58d18059-f1d1-45ed-acd3-f386e98cc506,Polygon,WBTC,0.0011,aave-v3,109096463
2025-11-11T05:26:51.669620,7e0661bf-8cf3-45e6-9424-31916d4c7b84,Base,USDC,4.60159,aave-v3,88393540
2025-11-11T05:26:51.669620,d9fa8e14-0447-4207-9ae8-7810199dfa1f,Arbitrum,USDC,3.67491,aave-v3,61955574
2025-11-11T05:26:51.669620,baee0253-eb6e-4a08-a579-a2acd4f034b2,Ethereum,USDTB,1.78399,aave-v3,46784346
2025-11-11T05:26:51.669620,e6692d08-85b6-4b50-952b-7c5c531862fe,Avalanche,USDT,2.05406,aave-v3,42890733
2025-11-11T05:26:51.669620,c4b05318-88af-4536-a834-f5fc8940d2d3,Avalanche,USDC,3.52387,aave-v3,38485828
2025-11-11T05:26:51.669620,e053590b-54f1-40aa-ae0d-14e701ca734c,Optimism,WBTC,0.00632,aave-v3,32413578
2025-11-11T05:26:51.669620,29be6a85-414f-4a66-b075-98863278912a,BSC,USDT,2.64421,aave-v3,29484990
2025-11-11T05:26:51.669620,32f04d80-25f9-439f-838d-3b15becf2d21,Gnosis,SDAI,0.0,aave-v3,20295343
2025-11-11T05:26:51.669620,9bf5faf4-32e3-437e-8080-c38eae10cfa6,Sonic,USDC,1.03541,aave-v3,17103279
2025-11-11T05:26:51.669620,3665ee7e-6c5d-49d9-abb7-c47ab5d9d4ac,Ethereum,DAI,3.94952,aave-v3,16501384
2025-11-11T05:26:51.669620,7e7821a2-3d20-4ae7-9c3d-04cd57904555,Polygon,USDT0,3.73633,aave-v3,14118097
2025-11-11T05:26:51.669620,1b8b4cdb-0728-42a8-bf13-2c8fea7427ee,Polygon,USDC,3.84398,aave-v3,13371551
2025-11-11T05:26:51.669620,5a49dee1-344d-4b50-a167-8f5faab08752,Linea,USDC,3.52527,aave-v3,8762078
2025-11-11T05:26:51.669620,6817bab0-5389-40a0-84d1-78830c1d81aa,Linea,USDT,1.73271,aave-v3,8474041
2025-11-11T05:26:51.669620,15cf7c05-b5f0-4bde-8745-a791528c4381,BSC,USDC,2.81741,aave-v3,7783234
2025-11-11T05:26:51.669620,0758c3b8-4ffb-4176-b0a9-f446e367db46,Optimism,USDC,3.86311,aave-v3,4833403
2025-11-11T05:26:51.669620,e68ecfb4-ba44-49e9-9626-31299405b520,Linea,WBTC,0.02403,aave-v3,3803219
2025-11-11T05:26:51.669620,a8e3d841-2788-4647-ad54-5a36fac451b1,Arbitrum,DAI,2.6236,aave-v3,1906767
2025-11-11T05:26:51.669620,3e669ce8-74c5-4fc9-bf85-f40a924c6407,Avalanche,DAI.E,1.98331,aave-v3,1818450
2025-11-11T05:26:51.669620,bde08c85-41c5-4d80-9bb1-0835a4352efa,Optimism,USDT,4.29841,aave-v3,1789951
2025-11-11T05:26:51.669620,c57bdc97-3100-41ff-845f-075363f6f5a4,Polygon,DAI,3.75278,aave-v3,1718361
2025-11-11T05:26:51.669620,461505e0-e631-4af0-b0e9-6a861d917939,Gnosis,USDC.E,3.94914,aave-v3,1451102
2025-11-11T05:26:51.669620,effcb4a4-4dcb-45e5-935d-f15542c13e6b,Ethereum,USDC,3.74738,aave-v3,1293465
2025-11-11T05:26:51.669620,24762515-822a-46af-927c-77a1dc449bd0,Optimism,USDC,1.74788,aave-v3,1041538
2025-11-11T05:26:51.669620,37b04faa-95bb-4ccb-9c4e-c70fa167342b,Polygon,USDC,2.96783,aave-v3,876693
2025-11-11T05:26:51.669620,78c4b5eb-6e36-4c3a-94b5-779e37dbf9a4,Celo,USDC,2.88785,aave-v3,687621
2025-11-11T05:26:51.669620,7aab7b0f-01c1-4467-bc0d-77826d870f19,Arbitrum,USDC,2.63048,aave-v3,604014
2025-11-11T05:26:51.669620,814326a1-e8f9-4dcd-9b35-952350ab74f7,Ethereum,FRAX,0.00181,aave-v3,533181
2025-11-11T05:26:51.669620,a214e900-2bcd-431f-9744-632fa5436fee,Ethereum,SDAI,0.0,aave-v3,479430
2025-11-11T05:26:51.669620,0cfcfe3b-29ff-47ff-97fa-078bf4755863,Metis,M.USDT,3.40002,aave-v3,420652
2025-11-11T05:26:51.669620,21091399-1187-4242-8e03-9b06032f9a8f,Gnosis,WXDAI,4.04071,aave-v3,278638
2025-11-11T05:26:51.669620,1c4598df-177c-4de8-a53b-3baa3fc49932,Metis,M.USDC,4.58732,aave-v3,234247
2025-11-11T05:26:51.669620,ec762755-29a1-41d8-957f-0b00dcf00dd6,Scroll,USDC,2.19987,aave-v3,230328
2025-11-11T05:26:51.669620,ff61171d-d7b0-4989-816c-b9bf02a15f00,Ethereum,WBTC,7.58236,morpho-v0-aavev2,208522
2025-11-11T05:26:51.669620,363e5586-cfee-402c-9b0b-be70366052e8,Optimism,DAI,3.74406,aave-v3,172304
2025-11-11T05:26:51.669620,4ef4eb9a-e22e-4190-b8f3-8c75373ad0d6,Ethereum,FRAX,1.65708,aave-v3,119505
2025-11-11T05:26:51.669620,5e498f38-9d6f-49b7-a197-9068103f9866,zkSync Era,USDC,5.66589,aave-v3,100964
2025-11-11T05:26:51.669620,8a561627-3d0c-436a-805c-8490c68fe014,zkSync Era,USDT,2.78532,aave-v3,93058
2025-11-11T05:26:51.669620,8d4d3acb-e1bf-471a-8256-36b90a8f4d25,Arbitrum,FRAX,1.15033,aave-v3,91056
2025-11-11T05:26:51.669620,325ad2d6-70b1-48d7-a557-c2c99a036f87,Ethereum,USDC,5.03537,morpho-v0-aavev2,45172
2025-11-11T05:26:51.669620,3cebd626-5ee5-4699-9f6c-090918bc5ebd,Metis,M.DAI,0.00549,aave-v3,32538
2025-11-11T05:26:51.669620,1343a280-7812-4bc3-8f98-d1c37e11d271,Ethereum,USDT,4.49963,morpho-v0-aavev2,17091
2025-11-11T06:39:06.971750,7e382157-b1bc-406d-b17b-facba43b716e,Ethereum,WBTC,0.00411,aave-v3,4506140870
2025-11-11T06:39:06.971750,aa70268e-4b52-42bf-a116-608b370f9501,Ethereum,USDC,4.42682,aave-v3,624722684
2025-11-11T06:39:06.971750,f981a304-bb6c-45b8-b0c5-fd2f515ad23a,Ethereum,USDT,5.01292,aave-v3,404263252
2025-11-11T06:39:06.971750,569ab5a6-76e4-46a6-abb6-b12be4197e31,Plasma,SYRUPUSDT,0.0,aave-v3,330404409
2025-11-11T06:39:06.971750,7c5e69a4-2430-4fa2-b7cb-857f79d7d1bf,Arbitrum,WBTC,0.0099,aave-v3,262649931
2025-11-11T06:39:06.971750,e338c687-a5d8-4abf-bc04-127990811b0a,Plasma,USDT0,5.07766,aave-v3,146412256
2025-11-11T06:39:06.971750,58d18059-f1d1-45ed-acd3-f386e98cc506,Polygon,WBTC,0.00111,aave-v3,108633518
2025-11-11T06:39:06.971750,7e0661bf-8cf3-45e6-9424-31916d4c7b84,Base,USDC,4.60106,aave-v3,88430059
2025-11-11T06:39:06.971750,d9fa8e14-0447-4207-9ae8-7810199dfa1f,Arbitrum,USDC,3.59272,aave-v3,64475082
2025-11-11T06:39:06.971750,baee0253-eb6e-4a08-a579-a2acd4f034b2,Ethereum,USDTB,1.78399,aave-v3,46775041
2025-11-11T06:39:06.971750,e6692d08-85b6-4b50-952b-7c5c531862fe,Avalanche,USDT,2.05409,aave-v3,42897941
2025-11-11T06:39:06.971750,c4b05318-88af-4536-a834-f5fc8940d2d3,Avalanche,USDC,3.52364,aave-v3,38486736
2025-11-11T06:39:06.971750,e053590b-54f1-40aa-ae0d-14e701ca734c,Optimism,WBTC,0.00632,aave-v3,32272994
2025-11-11T06:39:06.971750,29be6a85-414f-4a66-b075-98863278912a,BSC,USDT,2.644,aave-v3,29485049
2025-11-11T06:39:06.971750,32f04d80-25f9-439f-838d-3b15becf2d21,Gnosis,SDAI,0.0,aave-v3,20295377
2025-11-11T06:39:06.971750,3665ee7e-6c5d-49d9-abb7-c47ab5d9d4ac,Ethereum,DAI,3.84138,aave-v3,18526115
2025-11-11T06:39:06.971750,9bf5faf4-32e3-437e-8080-c38eae10cfa6,Sonic,USDC,1.0355,aave-v3,17102879
2025-11-11T06:39:06.971750,7e7821a2-3d20-4ae7-9c3d-04cd57904555,Polygon,USDT0,3.56981,aave-v3,15217899
2025-11-11T06:39:06.971750,1b8b4cdb-0728-42a8-bf13-2c8fea7427ee,Polygon,USDC,3.84474,aave-v3,13369421
2025-11-11T06:39:06.971750,5a49dee1-344d-4b50-a167-8f5faab08752,Linea,USDC,3.52755,aave-v3,8762754
2025-11-11T06:39:06.971750,6817bab0-5389-40a0-84d1-78830c1d81aa,Linea,USDT,1.73236,aave-v3,8486153
2025-11-11T06:39:06.971750,15cf7c05-b5f0-4bde-8745-a791528c4381,BSC,USDC,2.78772,aave-v3,7911259
2025-11-11T06:39:06.971750,0758c3b8-4ffb-4176-b0a9-f446e367db46,Optimism,USDC,3.86682,aave-v3,4820775
2025-11-11T06:39:06.971750,e68ecfb4-ba44-49e9-9626-31299405b520,Linea,WBTC,0.03355,aave-v3,3759837
2025-11-11T06:39:06.971750,a8e3d841-2788-4647-ad54-5a36fac451b1,Arbitrum,DAI,2.62359,aave-v3,1909197
2025-11-11T06:39:06.971750,3e669ce8-74c5-4fc9-bf85-f40a924c6407,Avalanche,DAI.E,1.98331,aave-v3,1819104
2025-11-11T06:39:06.971750,bde08c85-41c5-4d80-9bb1-0835a4352efa,Optimism,USDT,4.29787,aave-v3,1789718
2025-11-11T06:39:06.971750,c57bdc97-3100-41ff-845f-075363f6f5a4,Polygon,DAI,3.75281,aave-v3,1717868
2025-11-11T06:39:06.971750,461505e0-e631-4af0-b0e9-6a861d917939,Gnosis,USDC.E,3.94914,aave-v3,1449345
2025-11-11T06:39:06.971750,effcb4a4-4dcb-45e5-935d-f15542c13e6b,Ethereum,USDC,3.74738,aave-v3,1293464
2025-11-11T06:39:06.971750,24762515-822a-46af-927c-77a1dc449bd0,Optimism,USDC,1.74842,aave-v3,1041661
2025-11-11T06:39:06.971750,37b04faa-95bb-4ccb-9c4e-c70fa167342b,Polygon,USDC,2.97427,aave-v3,871510
2025-11-11T06:39:06.971750,78c4b5eb-6e36-4c3a-94b5-779e37dbf9a4,Celo,USDC,2.88785,aave-v3,687620
2025-11-11T06:39:06.971750,7aab7b0f-01c1-4467-bc0d-77826d870f19,Arbitrum,USDC,2.66578,aave-v3,595983
2025-11-11T06:39:06.971750,814326a1-e8f9-4dcd-9b35-952350ab74f7,Ethereum,FRAX,0.00181,aave-v3,533178
2025-11-11T06:39:06.971750,a214e900-2bcd-431f-9744-632fa5436fee,Ethereum,SDAI,0.0,aave-v3,479217
2025-11-11T06:39:06.971750,0cfcfe3b-29ff-47ff-97fa-078bf4755863,Metis,M.USDT,3.40002,aave-v3,420421
2025-11-11T06:39:06.971750,21091399-1187-4242-8e03-9b06032f9a8f,Gnosis,WXDAI,4.04071,aave-v3,278639
2025-11-11T06:39:06.971750,ec762755-29a1-41d8-957f-0b00dcf00dd6,Scroll,USDC,2.08482,aave-v3,265004
2025-11-11T06:39:06.971750,1c4598df-177c-4de8-a53b-3baa3fc49932,Metis,M.USDC,4.58732,aave-v3,234235
2025-11-11T06:39:06.971750,ff61171d-d7b0-4989-816c-b9bf02a15f00,Ethereum,WBTC,7.58237,morpho-v0-aavev2,208522
2025-11-11T06:39:06.971750,363e5586-cfee-402c-9b0b-be70366052e8,Optimism,DAI,3.74467,aave-v3,172435
2025-11-11T06:39:06.971750,4ef4eb9a-e22e-4190-b8f3-8c75373ad0d6,Ethereum,FRAX,1.65708,aave-v3,119504
2025-11-11T06:39:06.971750,5e498f38-9d6f-49b7-a197-9068103f9866,zkSync Era,USDC,5.62109,aave-v3,101117
2025-11-11T06:39:06.971750,8a561627-3d0c-436a-805c-8490c68fe014,zkSync Era,USDT,2.78532,aave-v3,93007
2025-11-11T06:39:06.971750,8d4d3acb-e1bf-471a-8256-36b90a8f4d25,Arbitrum,FRAX,1.15033,aave-v3,91056
2025-11-11T06:39:06.971750,325ad2d6-70b1-48d7-a557-c2c99a036f87,Ethereum,USDC,5.03557,morpho-v0-aavev2,45172
2025-11-11T06:39:06.971750,3cebd626-5ee5-4699-9f6c-090918bc5ebd,Metis,M.DAI,0.00549,aave-v3,32550
2025-11-11T06:39:06.971750,1343a280-7812-4bc3-8f98-d1c37e11d271,Ethereum,USDT,4.49963,morpho-v0-aavev2,17091
2025-11-11T07:26:10.478139,7e382157-b1bc-406d-b17b-facba43b716e,Ethereum,WBTC,0.00411,aave-v3,4504871034
2025-11-11T07:26:10.478139,aa70268e-4b52-42bf-a116-608b370f9501,Ethereum,USDC,4.42656,aave-v3,624814478
2025-11-11T07:26:10.478139,f981a304-bb6c-45b8-b0c5-fd2f515ad23a,Ethereum,USDT,4.97677,aave-v3,406070738
2025-11-11T07:26:10.478139,569ab5a6-76e4-46a6-abb6-b12be4197e31,Plasma,SYRUPUSDT,0.0,aave-v3,330434847
2025-11-11T07:26:10.478139,7c5e69a4-2430-4fa2-b7cb-857f79d7d1bf,Arbitrum,WBTC,0.00991,aave-v3,262631495
2025-11-11T07:26:10.478139,e338c687-a5d8-4abf-bc04-127990811b0a,Plasma,USDT0,5.0815,aave-v3,145725839
2025-11-11T07:26:10.478139,58d18059-f1d1-45ed-acd3-f386e98cc506,Polygon,WBTC,0.00111,aave-v3,108332689
2025-11-11T07:26:10.478139,7e0661bf-8cf3-45e6-9424-31916d4c7b84,Base,USDC,4.61017,aave-v3,87998056
2025-11-11T07:26:10.478139,d9fa8e14-0447-4207-9ae8-7810199dfa1f,Arbitrum,USDC,3.58457,aave-v3,64745365
2025-11-11T07:26:10.478139,baee0253-eb6e-4a08-a579-a2acd4f034b2,Ethereum,USDTB,1.784,aave-v3,46800561
2025-11-11T07:26:10.478139,e6692d08-85b6-4b50-952b-7c5c531862fe,Avalanche,USDT,2.05526,aave-v3,42912580
2025-11-11T07:26:10.478139,c4b05318-88af-4536-a834-f5fc8940d2d3,Avalanche,USDC,3.54342,aave-v3,38001108
2025-11-11T07:26:10.478139,e053590b-54f1-40aa-ae0d-14e701ca734c,Optimism,WBTC,0.00609,aave-v3,32289148
2025-11-11T07:26:10.478139,29be6a85-414f-4a66-b075-98863278912a,BSC,USDT,2.65971,aave-v3,29223833
2025-11-11T07:26:10.478139,32f04d80-25f9-439f-838d-3b15becf2d21,Gnosis,SDAI,0.0,aave-v3,20295497
2025-11-11T07:26:10.478139,3665ee7e-6c5d-49d9-abb7-c47ab5d9d4ac,Ethereum,DAI,3.84138,aave-v3,18516261
2025-11-11T07:26:10.478139,9bf5faf4-32e3-437e-8080-c38eae10cfa6,Sonic,USDC,1.02164,aave-v3,17293495
2025-11-11T07:26:10.478139,7e7821a2-3d20-4ae7-9c3d-04cd57904555,Polygon,USDT0,3.57183,aave-v3,15207989
2025-11-11T07:26:10.478139,1b8b4cdb-0728-42a8-bf13-2c8fea7427ee,Polygon,USDC,3.83611,aave-v3,13418180
2025-11-11T07:26:10.478139,5a49dee1-344d-4b50-a167-8f5faab08752,Linea,USDC,3.52139,aave-v3,8790956
2025-11-11T07:26:10.478139,6817bab0-5389-40a0-84d1-78830c1d81aa,Linea,USDT,1.73512,aave-v3,8464503
2025-11-11T07:26:10.478139,15cf7c05-b5f0-4bde-8745-a791528c4381,BSC,USDC,2.82274,aave-v3,7782369
2025-11-11T07:26:10.478139,0758c3b8-4ffb-4176-b0a9-f446e367db46,Optimism,USDC,3.86925,aave-v3,4814054
2025-11-11T07:26:10.478139,e68ecfb4-ba44-49e9-9626-31299405b520,Linea,WBTC,0.03355,aave-v3,3743055
2025-11-11T07:26:10.478139,a8e3d841-2788-4647-ad54-5a36fac451b1,Arbitrum,DAI,2.63199,aave-v3,1899713
2025-11-11T07:26:10.478139,3e669ce8-74c5-4fc9-bf85-f40a924c6407,Avalanche,DAI.E,1.98331,aave-v3,1819286
2025-11-11T07:26:10.478139,bde08c85-41c5-4d80-9bb1-0835a4352efa,Optimism,USDT,4.2857,aave-v3,1807144
2025-11-11T07:26:10.478139,c57bdc97-3100-41ff-845f-075363f6f5a4,Polygon,DAI,3.81757,aave-v3,1667940
2025-11-11T07:26:10.478139,461505e0-e631-4af0-b0e9-6a861d917939,Gnosis,USDC.E,3.94914,aave-v3,1453718
2025-11-11T07:26:10.478139,effcb4a4-4dcb-45e5-935d-f15542c13e6b,Ethereum,USDC,3.74738,aave-v3,1293337
2025-11-11T07:26:10.478139,24762515-822a-46af-927c-77a1dc449bd0,Optimism,USDC,1.75308,aave-v3,1039351
2025-11-11T07:26:10.478139,37b04faa-95bb-4ccb-9c4e-c70fa167342b,Polygon,USDC,2.97426,aave-v3,871440
2025-11-11T07:26:10.478139,78c4b5eb-6e36-4c3a-94b5-779e37dbf9a4,Celo,USDC,2.88791,aave-v3,687553
2025-11-11T07:26:10.478139,7aab7b0f-01c1-4467-bc0d-77826d870f19,Arbitrum,USDC,2.61815,aave-v3,608489
2025-11-11T07:26:10.478139,814326a1-e8f9-4dcd-9b35-952350ab74f7,Ethereum,FRAX,0.00181,aave-v3,533387
2025-11-11T07:26:10.478139,a214e900-2bcd-431f-9744-632fa5436fee,Ethereum,SDAI,0.0,aave-v3,479394
2025-11-11T07:26:10.478139,0cfcfe3b-29ff-47ff-97fa-078bf4755863,Metis,M.USDT,3.40002,aave-v3,420625
2025-11-11T07:26:10.478139,21091399-1187-4242-8e03-9b06032f9a8f,Gnosis,WXDAI,4.04071,aave-v3,278611
2025-11-11T07:26:10.478139,ec762755-29a1-41d8-957f-0b00dcf00dd6,Scroll,USDC,2.0678,aave-v3,269625
2025-11-11T07:26:10.478139,1c4598df-177c-4de8-a53b-3baa3fc49932,Metis,M.USDC,4.58732,aave-v3,233725
2025-11-11T07:26:10.478139,ff61171d-d7b0-4989-816c-b9bf02a15f00,Ethereum,WBTC,7.58237,morpho-v0-aavev2,208522
2025-11-11T07:26:10.478139,363e5586-cfee-402c-9b0b-be70366052e8,Optimism,DAI,3.74463,aave-v3,172247
2025-11-11T07:26:10.478139,4ef4eb9a-e22e-4190-b8f3-8c75373ad0d6,Ethereum,FRAX,1.65708,aave-v3,119551
2025-11-11T07:26:10.478139,5e498f38-9d6f-49b7-a197-9068103f9866,zkSync Era,USDC,5.77874,aave-v3,100608
2025-11-11T07:26:10.478139,8a561627-3d0c-436a-805c-8490c68fe014,zkSync Era,USDT,2.78532,aave-v3,93052
2025-11-11T07:26:10.478139,8d4d3acb-e1bf-471a-8256-36b90a8f4d25,Arbitrum,FRAX,1.15033,aave-v3,91091
2025-11-11T07:26:10.478139,325ad2d6-70b1-48d7-a557-c2c99a036f87,Ethereum,USDC,5.03557,morpho-v0-aavev2,45172
2025-11-11T07:26:10.478139,3cebd626-5ee5-4699-9f6c-090918bc5ebd,Metis,M.DAI,0.00549,aave-v3,32533
2025-11-11T07:26:10.478139,1343a280-7812-4bc3-8f98-d1c37e11d271,Ethereum,USDT,4.49963,morpho-v0-aavev2,17091
2025-11-11T08:34:17.334026,7e382157-b1bc-406d-b17b-facba43b716e,Ethereum,WBTC,0.00411,aave-v3,4484524059
2025-11-11T08:34:17.334026,aa70268e-4b52-42bf-a116-608b370f9501,Ethereum,USDC,4.43007,aave-v3,623331013
2025-11-11T08:34:17.334026,f981a304-bb6c-45b8-b0c5-fd2f515ad23a,Ethereum,USDT,5.24691,aave-v3,393538164
2025-11-11T08:34:17.334026,569ab5a6-76e4-46a6-abb6-b12be4197e31,Plasma,SYRUPUSDT,0.0,aave-v3,330435319
2025-11-11T08:34:17.334026,7c5e69a4-2430-4fa2-b7cb-857f79d7d1bf,Arbitrum,WBTC,0.00992,aave-v3,261046878
2025-11-11T08:34:17.334026,e338c687-a5d8-4abf-bc04-127990811b0a,Plasma,USDT0,5.0417,aave-v3,152888977
2025-11-11T08:34:17.334026,58d18059-f1d1-45ed-acd3-f386e98cc506,Polygon,WBTC,0.00111,aave-v3,108104202
2025-11-11T08:34:17.334026,7e0661bf-8cf3-45e6-9424-31916d4c7b84,Base,USDC,4.59306,aave-v3,88783220
2025-11-11T08:34:17.334026,d9fa8e14-0447-4207-9ae8-7810199dfa1f,Arbitrum,USDC,3.52425,aave-v3,67133445
2025-11-11T08:34:17.334026,baee0253-eb6e-4a08-a579-a2acd4f034b2,Ethereum,USDTB,1.784,aave-v3,46782067
2025-11-11T08:34:17.334026,e6692d08-85b6-4b50-952b-7c5c531862fe,Avalanche,USDT,1.98384,aave-v3,44769781
2025-11-11T08:34:17.334026,c4b05318-88af-4536-a834-f5fc8940d2d3,Avalanche,USDC,3.56104,aave-v3,37689822
2025-11-11T08:34:17.334026,e053590b-54f1-40aa-ae0d-14e701ca734c,Optimism,WBTC,0.00612,aave-v3,32144741
2025-11-11T08:34:17.334026,29be6a85-414f-4a66-b075-98863278912a,BSC,USDT,2.662,aave-v3,29226490
2025-11-11T08:34:17.334026,32f04d80-25f9-439f-838d-3b15becf2d21,Gnosis,SDAI,0.0,aave-v3,20293462
2025-11-11T08:34:17.334026,3665ee7e-6c5d-49d9-abb7-c47ab5d9d4ac,Ethereum,DAI,3.8414,aave-v3,18525902
2025-11-11T08:34:17.334026,9bf5faf4-32e3-437e-8080-c38eae10cfa6,Sonic,USDC,1.08239,aave-v3,16536635
2025-11-11T08:34:17.334026,7e7821a2-3d20-4ae7-9c3d-04cd57904555,Polygon,USDT0,3.57252,aave-v3,15209110
2025-11-11T08:34:17.334026,1b8b4cdb-0728-42a8-bf13-2c8fea7427ee,Polygon,USDC,3.83971,aave-v3,13407572
2025-11-11T08:34:17.334026,5a49dee1-344d-4b50-a167-8f5faab08752,Linea,USDC,2.95034,aave-v3,11208816
2025-11-11T08:34:17.334026,6817bab0-5389-40a0-84d1-78830c1d81aa,Linea,USDT,1.73614,aave-v3,8447439
2025-11-11T08:34:17.334026,15cf7c05-b5f0-4bde-8745-a791528c4381,BSC,USDC,2.79621,aave-v3,7873273
2025-11-11T08:34:17.334026,0758c3b8-4ffb-4176-b0a9-f446e367db46,Optimism,USDC,3.86932,aave-v3,4814353
2025-11-11T08:34:17.334026,e68ecfb4-ba44-49e9-9626-31299405b520,Linea,WBTC,0.03355,aave-v3,3729106
2025-11-11T08:34:17.334026,a8e3d841-2788-4647-ad54-5a36fac451b1,Arbitrum,DAI,2.61926,aave-v3,1912107
2025-11-11T08:34:17.334026,3e669ce8-74c5-4fc9-bf85-f40a924c6407,Avalanche,DAI.E,1.98331,aave-v3,1820096
2025-11-11T08:34:17.334026,bde08c85-41c5-4d80-9bb1-0835a4352efa,Optimism,USDT,4.28571,aave-v3,1807281
2025-11-11T08:34:17.334026,c57bdc97-3100-41ff-845f-075363f6f5a4,Polygon,DAI,4.02818,aave-v3,1514054
2025-11-11T08:34:17.334026,461505e0-e631-4af0-b0e9-6a861d917939,Gnosis,USDC.E,3.94914,aave-v3,1452154
2025-11-11T08:34:17.334026,37b04faa-95bb-4ccb-9c4e-c70fa167342b,Polygon,USDC,2.4763,aave-v3,1331078
2025-11-11T08:34:17.334026,effcb4a4-4dcb-45e5-935d-f15542c13e6b,Ethereum,USDC,3.74738,aave-v3,1293461
2025-11-11T08:34:17.334026,24762515-822a-46af-927c-77a1dc449bd0,Optimism,USDC,1.75308,aave-v3,1040268
2025-11-11T08:34:17.334026,78c4b5eb-6e36-4c3a-94b5-779e37dbf9a4,Celo,USDC,2.88791,aave-v3,687619
2025-11-11T08:34:17.334026,7aab7b0f-01c1-4467-bc0d-77826d870f19,Arbitrum,USDC,2.67303,aave-v3,587553
2025-11-11T08:34:17.334026,814326a1-e8f9-4dcd-9b35-952350ab74f7,Ethereum,FRAX,0.00181,aave-v3,533107
2025-11-11T08:34:17.334026,a214e900-2bcd-431f-9744-632fa5436fee,Ethereum,SDAI,0.0,aave-v3,479140
2025-11-11T08:34:17.334026,0cfcfe3b-29ff-47ff-97fa-078bf4755863,Metis,M.USDT,3.40002,aave-v3,420660
2025-11-11T08:34:17.334026,ec762755-29a1-41d8-957f-0b00dcf00dd6,Scroll,USDC,2.00516,aave-v3,289535
2025-11-11T08:34:17.334026,21091399-1187-4242-8e03-9b06032f9a8f,Gnosis,WXDAI,4.04071,aave-v3,278614
2025-11-11T08:34:17.334026,1c4598df-177c-4de8-a53b-3baa3fc49932,Metis,M.USDC,4.6375,aave-v3,226707
2025-11-11T08:34:17.334026,ff61171d-d7b0-4989-816c-b9bf02a15f00,Ethereum,WBTC,7.58237,morpho-v0-aavev2,208522
2025-11-11T08:34:17.334026,363e5586-cfee-402c-9b0b-be70366052e8,Optimism,DAI,3.74463,aave-v3,172313
2025-11-11T08:34:17.334026,4ef4eb9a-e22e-4190-b8f3-8c75373ad0d6,Ethereum,FRAX,1.65708,aave-v3,119488
2025-11-11T08:34:17.334026,5e498f38-9d6f-49b7-a197-9068103f9866,zkSync Era,USDC,5.77874,aave-v3,100617
2025-11-11T08:34:17.334026,8a561627-3d0c-436a-805c-8490c68fe014,zkSync Era,USDT,2.77488,aave-v3,93435
2025-11-11T08:34:17.334026,8d4d3acb-e1bf-471a-8256-36b90a8f4d25,Arbitrum,FRAX,1.15033,aave-v3,91043
2025-11-11T08:34:17.334026,325ad2d6-70b1-48d7-a557-c2c99a036f87,Ethereum,USDC,5.03557,morpho-v0-aavev2,45172
2025-11-11T08:34:17.334026,3cebd626-5ee5-4699-9f6c-090918bc5ebd,Metis,M.DAI,0.00549,aave-v3,32550
2025-11-11T08:34:17.334026,1343a280-7812-4bc3-8f98-d1c37e11d271,Ethereum,USDT,4.49963,morpho-v0-aavev2,17091
2025-11-11T09:29:19.546459,7e382157-b1bc-406d-b17b-facba43b716e,Ethereum,WBTC,0.00411,aave-v3,4496355515
2025-11-11T09:29:19.546459,aa70268e-4b52-42bf-a116-608b370f9501,Ethereum,USDC,4.43314,aave-v3,621791577
2025-11-11T09:29:19.546459,f981a304-bb6c-45b8-b0c5-fd2f515ad23a,Ethereum,USDT,5.23955,aave-v3,393916000
2025-11-11T09:29:19.546459,569ab5a6-76e4-46a6-abb6-b12be4197e31,Plasma,SYRUPUSDT,0.0,aave-v3,330433351
2025-11-11T09:29:19.546459,7c5e69a4-2430-4fa2-b7cb-857f79d7d1bf,Arbitrum,WBTC,0.00991,aave-v3,262310398
2025-11-11T09:29:19.546459,e338c687-a5d8-4abf-bc04-127990811b0a,Plasma,USDT0,5.03429,aave-v3,154174391
2025-11-11T09:29:19.546459,58d18059-f1d1-45ed-acd3-f386e98cc506,Polygon,WBTC,0.00111,aave-v3,108218333
2025-11-11T09:29:19.546459,7e0661bf-8cf3-45e6-9424-31916d4c7b84,Base,USDC,4.60575,aave-v3,88160341
2025-11-11T09:29:19.546459,d9fa8e14-0447-4207-9ae8-7810199dfa1f,Arbitrum,USDC,3.55864,aave-v3,65731373
2025-11-11T09:29:19.546459,baee0253-eb6e-4a08-a579-a2acd4f034b2,Ethereum,USDTB,1.784,aave-v3,46781132
2025-11-11T09:29:19.546459,e6692d08-85b6-4b50-952b-7c5c531862fe,Avalanche,USDT,2.05719,aave-v3,42890522
2025-11-11T09:29:19.546459,c4b05318-88af-4536-a834-f5fc8940d2d3,Avalanche,USDC,3.54546,aave-v3,37967548
2025-11-11T09:29:19.546459,e053590b-54f1-40aa-ae0d-14e701ca734c,Optimism,WBTC,0.00601,aave-v3,32241282
2025-11-11T09:29:19.546459,29be6a85-414f-4a66-b075-98863278912a,BSC,USDT,2.65747,aave-v3,29261514
2025-11-11T09:29:19.546459,32f04d80-25f9-439f-838d-3b15becf2d21,Gnosis,SDAI,0.0,aave-v3,20293647
2025-11-11T09:29:19.546459,3665ee7e-6c5d-49d9-abb7-c47ab5d9d4ac,Ethereum,DAI,3.8414,aave-v3,18518141
2025-11-11T09:29:19.546459,9bf5faf4-32e3-437e-8080-c38eae10cfa6,Sonic,USDC,1.08243,aave-v3,16533630
2025-11-11T09:29:19.546459,7e7821a2-3d20-4ae7-9c3d-04cd57904555,Polygon,USDT0,3.57249,aave-v3,15202577
2025-11-11T09:29:19.546459,1b8b4cdb-0728-42a8-bf13-2c8fea7427ee,Polygon,USDC,3.83783,aave-v3,13415585
2025-11-11T09:29:19.546459,5a49dee1-344d-4b50-a167-8f5faab08752,Linea,USDC,2.96327,aave-v3,11123378
2025-11-11T09:29:19.546459,6817bab0-5389-40a0-84d1-78830c1d81aa,Linea,USDT,1.78762,aave-v3,8193369
2025-11-11T09:29:19.546459,15cf7c05-b5f0-4bde-8745-a791528c4381,BSC,USDC,2.75683,aave-v3,8056713
2025-11-11T09:29:19.546459,0758c3b8-4ffb-4176-b0a9-f446e367db46,Optimism,USDC,3.87235,aave-v3,4806256
2025-11-11T09:29:19.546459,e68ecfb4-ba44-49e9-9626-31299405b520,Linea,WBTC,0.03779,aave-v3,3742565
2025-11-11T09:29:19.546459,a8e3d841-2788-4647-ad54-5a36fac451b1,Arbitrum,DAI,2.61218,aave-v3,1919041
2025-11-11T09:29:19.546459,3e669ce8-74c5-4fc9-bf85-f40a924c6407,Avalanche,DAI.E,1.98331,aave-v3,1821228
2025-11-11T09:29:19.546459,bde08c85-41c5-4d80-9bb1-0835a4352efa,Optimism,USDT,4.2842,aave-v3,1808321
2025-11-11T09:29:19.546459,c57bdc97-3100-41ff-845f-075363f6f5a4,Polygon,DAI,4.02819,aave-v3,1513892
2025-11-11T09:29:19.546459,461505e0-e631-4af0-b0e9-6a861d917939,Gnosis,USDC.E,3.94916,aave-v3,1454158
2025-11-11T09:29:19.546459,effcb4a4-4dcb-45e5-935d-f15542c13e6b,Ethereum,USDC,3.74738,aave-v3,1293344
2025-11-11T09:29:19.546459,37b04faa-95bb-4ccb-9c4e-c70fa167342b,Polygon,USDC,2.5281,aave-v3,1289958
2025-11-11T09:29:19.546459,24762515-822a-46af-927c-77a1dc449bd0,Optimism,USDC,1.75322,aave-v3,1039477
2025-11-11T09:29:19.546459,78c4b5eb-6e36-4c3a-94b5-779e37dbf9a4,Celo,USDC,2.88791,aave-v3,687556
2025-11-11T09:29:19.546459,7aab7b0f-01c1-4467-bc0d-77826d870f19,Arbitrum,USDC,2.67302,aave-v3,587929
2025-11-11T09:29:19.546459,814326a1-e8f9-4dcd-9b35-952350ab74f7,Ethereum,FRAX,0.00181,aave-v3,533226
2025-11-11T09:29:19.546459,a214e900-2bcd-431f-9744-632fa5436fee,Ethereum,SDAI,0.0,aave-v3,479390
2025-11-11T09:29:19.546459,0cfcfe3b-29ff-47ff-97fa-078bf4755863,Metis,M.USDT,3.40002,aave-v3,420505
2025-11-11T09:29:19.546459,ec762755-29a1-41d8-957f-0b00dcf00dd6,Scroll,USDC,2.00621,aave-v3,290015
2025-11-11T09:29:19.546459,21091399-1187-4242-8e03-9b06032f9a8f,Gnosis,WXDAI,4.0437,aave-v3,277650
2025-11-11T09:29:19.546459,1c4598df-177c-4de8-a53b-3baa3fc49932,Metis,M.USDC,4.62481,aave-v3,234500
2025-11-11T09:29:19.546459,ff61171d-d7b0-4989-816c-b9bf02a15f00,Ethereum,WBTC,7.58237,morpho-v0-aavev2,208522
2025-11-11T09:29:19.546459,363e5586-cfee-402c-9b0b-be70366052e8,Optimism,DAI,3.74465,aave-v3,172505
2025-11-11T09:29:19.546459,4ef4eb9a-e22e-4190-b8f3-8c75373ad0d6,Ethereum,FRAX,1.65708,aave-v3,119515
2025-11-11T09:29:19.546459,5e498f38-9d6f-49b7-a197-9068103f9866,zkSync Era,USDC,5.77995,aave-v3,100606
2025-11-11T09:29:19.546459,8a561627-3d0c-436a-805c-8490c68fe014,zkSync Era,USDT,2.77494,aave-v3,93397
2025-11-11T09:29:19.546459,8d4d3acb-e1bf-471a-8256-36b90a8f4d25,Arbitrum,FRAX,1.15033,aave-v3,91064
2025-11-11T09:29:19.546459,325ad2d6-70b1-48d7-a557-c2c99a036f87,Ethereum,USDC,5.03557,morpho-v0-aavev2,45172
2025-11-11T09:29:19.546459,3cebd626-5ee5-4699-9f6c-090918bc5ebd,Metis,M.DAI,0.00549,aave-v3,32536
2025-11-11T09:29:19.546459,1343a280-7812-4bc3-8f98-d1c37e11d271,Ethereum,USDT,4.49963,morpho-v0-aavev2,17091
2025-11-11T10:29:58.043389,7e382157-b1bc-406d-b17b-facba43b716e,Ethereum,WBTC,0.0041,aave-v3,4491773151
2025-11-11T10:29:58.043389,aa70268e-4b52-42bf-a116-608b370f9501,Ethereum,USDC,4.43249,aave-v3,622186313
2025-11-11T10:29:58.043389,f981a304-bb6c-45b8-b0c5-fd2f515ad23a,Ethereum,USDT,5.12798,aave-v3,399576842
2025-11-11T10:29:58.043389,569ab5a6-76e4-46a6-abb6-b12be4197e31,Plasma,SYRUPUSDT,0.0,aave-v3,330411207
2025-11-11T10:29:58.043389,7c5e69a4-2430-4fa2-b7cb-857f79d7d1bf,Arbitrum,WBTC,0.00995,aave-v3,261723510
2025-11-11T10:29:58.043389,e338c687-a5d8-4abf-bc04-127990811b0a,Plasma,USDT0,5.01359,aave-v3,157928169
2025-11-11T10:29:58.043389,58d18059-f1d1-45ed-acd3-f386e98cc506,Polygon,WBTC,0.00111,aave-v3,108216601
2025-11-11T10:29:58.043389,7e0661bf-8cf3-45e6-9424-31916d4c7b84,Base,USDC,4.61724,aave-v3,87670740
2025-11-11T10:29:58.043389,d9fa8e14-0447-4207-9ae8-7810199dfa1f,Arbitrum,USDC,3.60599,aave-v3,64162984
2025-11-11T10:29:58.043389,baee0253-eb6e-4a08-a579-a2acd4f034b2,Ethereum,USDTB,1.784,aave-v3,46789794
2025-11-11T10:29:58.043389,e6692d08-85b6-4b50-952b-7c5c531862fe,Avalanche,USDT,2.05753,aave-v3,42888740
2025-11-11T10:29:58.043389,c4b05318-88af-4536-a834-f5fc8940d2d3,Avalanche,USDC,3.54815,aave-v3,37911301
2025-11-11T10:29:58.043389,e053590b-54f1-40aa-ae0d-14e701ca734c,Optimism,WBTC,0.006,aave-v3,32204614
2025-11-11T10:29:58.043389,29be6a85-414f-4a66-b075-98863278912a,BSC,USDT,2.66043,aave-v3,29203595
2025-11-11T10:29:58.043389,32f04d80-25f9-439f-838d-3b15becf2d21,Gnosis,SDAI,0.0,aave-v3,20296350
2025-11-11T10:29:58.043389,3665ee7e-6c5d-49d9-abb7-c47ab5d9d4ac,Ethereum,DAI,3.84141,aave-v3,18524906
2025-11-11T10:29:58.043389,9bf5faf4-32e3-437e-8080-c38eae10cfa6,Sonic,USDC,1.09641,aave-v3,16476298
2025-11-11T10:29:58.043389,7e7821a2-3d20-4ae7-9c3d-04cd57904555,Polygon,USDT0,3.68282,aave-v3,14463732
2025-11-11T10:29:58.043389,1b8b4cdb-0728-42a8-bf13-2c8fea7427ee,Polygon,USDC,3.80201,aave-v3,13622280
2025-11-11T10:29:58.043389,5a49dee1-344d-4b50-a167-8f5faab08752,Linea,USDC,2.96359,aave-v3,11103869
2025-11-11T10:29:58.043389,6817bab0-5389-40a0-84d1-78830c1d81aa,Linea,USDT,1.79383,aave-v3,8150174
2025-11-11T10:29:58.043389,15cf7c05-b5f0-4bde-8745-a791528c4381,BSC,USDC,2.76436,aave-v3,8015649
2025-11-11T10:29:58.043389,0758c3b8-4ffb-4176-b0a9-f446e367db46,Optimism,USDC,3.86292,aave-v3,4836181
2025-11-11T10:29:58.043389,e68ecfb4-ba44-49e9-9626-31299405b520,Linea,WBTC,0.03423,aave-v3,3731035
2025-11-11T10:29:58.043389,a8e3d841-2788-4647-ad54-5a36fac451b1,Arbitrum,DAI,2.61218,aave-v3,1920685
2025-11-11T10:29:58.043389,3e669ce8-74c5-4fc9-bf85-f40a924c6407,Avalanche,DAI.E,1.98336,aave-v3,1817134
2025-11-11T10:29:58.043389,bde08c85-41c5-4d80-9bb1-0835a4352efa,Optimism,USDT,4.2819,aave-v3,1810514
2025-11-11T10:29:58.043389,461505e0-e631-4af0-b0e9-6a861d917939,Gnosis,USDC.E,3.94914,aave-v3,1451620
2025-11-11T10:29:58.043389,effcb4a4-4dcb-45e5-935d-f15542c13e6b,Ethereum,USDC,3.74738,aave-v3,1293414
2025-11-11T10:29:58.043389,37b04faa-95bb-4ccb-9c4e-c70fa167342b,Polygon,USDC,2.52859,aave-v3,1289548
2025-11-11T10:29:58.043389,c57bdc97-3100-41ff-845f-075363f6f5a4,Polygon,DAI,4.50945,aave-v3,1272781
2025-11-11T10:29:58.043389,24762515-822a-46af-927c-77a1dc449bd0,Optimism,USDC,1.75384,aave-v3,1039423
2025-11-11T10:29:58.043389,7aab7b0f-01c1-4467-bc0d-77826d870f19,Arbitrum,USDC,2.67302,aave-v3,587842
2025-11-11T10:29:58.043389,814326a1-e8f9-4dcd-9b35-952350ab74f7,Ethereum,FRAX,0.00181,aave-v3,533339
2025-11-11T10:29:58.043389,78c4b5eb-6e36-4c3a-94b5-779e37dbf9a4,Celo,USDC,3.67689,aave-v3,487659
2025-11-11T10:29:58.043389,a214e900-2bcd-431f-9744-632fa5436fee,Ethereum,SDAI,0.0,aave-v3,479190
2025-11-11T10:29:58.043389,0cfcfe3b-29ff-47ff-97fa-078bf4755863,Metis,M.USDT,3.40002,aave-v3,420283
2025-11-11T10:29:58.043389,ec762755-29a1-41d8-957f-0b00dcf00dd6,Scroll,USDC,1.99034,aave-v3,294568
2025-11-11T10:29:58.043389,21091399-1187-4242-8e03-9b06032f9a8f,Gnosis,WXDAI,4.0437,aave-v3,277620
2025-11-11T10:29:58.043389,1c4598df-177c-4de8-a53b-3baa3fc49932,Metis,M.USDC,4.62481,aave-v3,234519
2025-11-11T10:29:58.043389,ff61171d-d7b0-4989-816c-b9bf02a15f00,Ethereum,WBTC,7.58237,morpho-v0-aavev2,208522
2025-11-11T10:29:58.043389,363e5586-cfee-402c-9b0b-be70366052e8,Optimism,DAI,3.74466,aave-v3,172260
2025-11-11T10:29:58.043389,4ef4eb9a-e22e-4190-b8f3-8c75373ad0d6,Ethereum,FRAX,1.65708,aave-v3,119540
2025-11-11T10:29:58.043389,5e498f38-9d6f-49b7-a197-9068103f9866,zkSync Era,USDC,5.60784,aave-v3,101162
2025-11-11T10:29:58.043389,8a561627-3d0c-436a-805c-8490c68fe014,zkSync Era,USDT,2.77494,aave-v3,93348
2025-11-11T10:29:58.043389,8d4d3acb-e1bf-471a-8256-36b90a8f4d25,Arbitrum,FRAX,1.15033,aave-v3,91083
2025-11-11T10:29:58.043389,325ad2d6-70b1-48d7-a557-c2c99a036f87,Ethereum,USDC,5.03557,morpho-v0-aavev2,45172
2025-11-11T10:29:58.043389,3cebd626-5ee5-4699-9f6c-090918bc5ebd,Metis,M.DAI,0.00549,aave-v3,32548
2025-11-11T10:29:58.043389,1343a280-7812-4bc3-8f98-d1c37e11d271,Ethereum,USDT,4.49963,morpho-v0-aavev2,17091
2025-11-11T11:23:16.910369,7e382157-b1bc-406d-b17b-facba43b716e,Ethereum,WBTC,0.0041,aave-v3,4500790168
2025-11-11T11:23:16.910369,aa70268e-4b52-42bf-a116-608b370f9501,Ethereum,USDC,4.40186,aave-v3,638592337
2025-11-11T11:23:16.910369,f981a304-bb6c-45b8-b0c5-fd2f515ad23a,Ethereum,USDT,5.13902,aave-v3,398376847
2025-11-11T11:23:16.910369,569ab5a6-76e4-46a6-abb6-b12be4197e31,Plasma,SYRUPUSDT,0.0,aave-v3,330497666
2025-11-11T11:23:16.910369,7c5e69a4-2430-4fa2-b7cb-857f79d7d1bf,Arbitrum,WBTC,0.00995,aave-v3,261988752
2025-11-11T11:23:16.910369,e338c687-a5d8-4abf-bc04-127990811b0a,Plasma,USDT0,4.87021,aave-v3,184542652
2025-11-11T11:23:16.910369,58d18059-f1d1-45ed-acd3-f386e98cc506,Polygon,WBTC,0.00111,aave-v3,108356543
2025-11-11T11:23:16.910369,7e0661bf-8cf3-45e6-9424-31916d4c7b84,Base,USDC,4.61428,aave-v3,87801424
2025-11-11T11:23:16.910369,d9fa8e14-0447-4207-9ae8-7810199dfa1f,Arbitrum,USDC,3.54967,aave-v3,66109144
2025-11-11T11:23:16.910369,baee0253-eb6e-4a08-a579-a2acd4f034b2,Ethereum,USDTB,1.78404,aave-v3,46786237
2025-11-11T11:23:16.910369,e6692d08-85b6-4b50-952b-7c5c531862fe,Avalanche,USDT,2.05768,aave-v3,42882182
2025-11-11T11:23:16.910369,c4b05318-88af-4536-a834-f5fc8940d2d3,Avalanche,USDC,3.54206,aave-v3,38061647
2025-11-11T11:23:16.910369,e053590b-54f1-40aa-ae0d-14e701ca734c,Optimism,WBTC,0.00601,aave-v3,32268943
2025-11-11T11:23:16.910369,29be6a85-414f-4a66-b075-98863278912a,BSC,USDT,2.66299,aave-v3,29095322
2025-11-11T11:23:16.910369,32f04d80-25f9-439f-838d-3b15becf2d21,Gnosis,SDAI,0.0,aave-v3,20294172
2025-11-11T11:23:16.910369,3665ee7e-6c5d-49d9-abb7-c47ab5d9d4ac,Ethereum,DAI,3.84141,aave-v3,18536283
2025-11-11T11:23:16.910369,9bf5faf4-32e3-437e-8080-c38eae10cfa6,Sonic,USDC,1.11419,aave-v3,16270130
2025-11-11T11:23:16.910369,7e7821a2-3d20-4ae7-9c3d-04cd57904555,Polygon,USDT0,3.72113,aave-v3,14210311
2025-11-11T11:23:16.910369,1b8b4cdb-0728-42a8-bf13-2c8fea7427ee,Polygon,USDC,3.86302,aave-v3,13276762
2025-11-11T11:23:16.910369,5a49dee1-344d-4b50-a167-8f5faab08752,Linea,USDC,2.9758,aave-v3,11057844
2025-11-11T11:23:16.910369,6817bab0-5389-40a0-84d1-78830c1d81aa,Linea,USDT,1.79368,aave-v3,8171994
2025-11-11T11:23:16.910369,15cf7c05-b5f0-4bde-8745-a791528c4381,BSC,USDC,2.78948,aave-v3,7902439
2025-11-11T11:23:16.910369,0758c3b8-4ffb-4176-b0a9-f446e367db46,Optimism,USDC,3.86281,aave-v3,4836533
2025-11-11T11:23:16.910369,e68ecfb4-ba44-49e9-9626-31299405b520,Linea,WBTC,0.05554,aave-v3,3689061
2025-11-11T11:23:16.910369,a8e3d841-2788-4647-ad54-5a36fac451b1,Arbitrum,DAI,2.61136,aave-v3,1922794
2025-11-11T11:23:16.910369,3e669ce8-74c5-4fc9-bf85-f40a924c6407,Avalanche,DAI.E,1.98336,aave-v3,1821446
2025-11-11T11:23:16.910369,bde08c85-41c5-4d80-9bb1-0835a4352efa,Optimism,USDT,4.27588,aave-v3,1818405
2025-11-11T11:23:16.910369,c57bdc97-3100-41ff-845f-075363f6f5a4,Polygon,DAI,4.10951,aave-v3,1457648
2025-11-11T11:23:16.910369,461505e0-e631-4af0-b0e9-6a861d917939,Gnosis,USDC.E,3.94914,aave-v3,1452045
2025-11-11T11:23:16.910369,effcb4a4-4dcb-45e5-935d-f15542c13e6b,Ethereum,USDC,3.74738,aave-v3,1293464
2025-11-11T11:23:16.910369,37b04faa-95bb-4ccb-9c4e-c70fa167342b,Polygon,USDC,2.52871,aave-v3,1289470
2025-11-11T11:23:16.910369,24762515-822a-46af-927c-77a1dc449bd0,Optimism,USDC,1.74888,aave-v3,1043530
2025-11-11T11:23:16.910369,7aab7b0f-01c1-4467-bc0d-77826d870f19,Arbitrum,USDC,2.6509,aave-v3,596544
2025-11-11T11:23:16.910369,78c4b5eb-6e36-4c3a-94b5-779e37dbf9a4,Celo,USDC,3.26933,aave-v3,587942
2025-11-11T11:23:16.910369,814326a1-e8f9-4dcd-9b35-952350ab74f7,Ethereum,FRAX,0.00181,aave-v3,533376
2025-11-11T11:23:16.910369,a214e900-2bcd-431f-9744-632fa5436fee,Ethereum,SDAI,0.0,aave-v3,479425
2025-11-11T11:23:16.910369,0cfcfe3b-29ff-47ff-97fa-078bf4755863,Metis,M.USDT,3.40002,aave-v3,420205
2025-11-11T11:23:16.910369,ec762755-29a1-41d8-957f-0b00dcf00dd6,Scroll,USDC,1.93033,aave-v3,314577
2025-11-11T11:23:16.910369,21091399-1187-4242-8e03-9b06032f9a8f,Gnosis,WXDAI,4.04413,aave-v3,277534
2025-11-11T11:23:16.910369,1c4598df-177c-4de8-a53b-3baa3fc49932,Metis,M.USDC,4.62481,aave-v3,234549
2025-11-11T11:23:16.910369,ff61171d-d7b0-4989-816c-b9bf02a15f00,Ethereum,WBTC,7.58237,morpho-v0-aavev2,208522
2025-11-11T11:23:16.910369,363e5586-cfee-402c-9b0b-be70366052e8,Optimism,DAI,3.74467,aave-v3,172427
2025-11-11T11:23:16.910369,4ef4eb9a-e22e-4190-b8f3-8c75373ad0d6,Ethereum,FRAX,1.65708,aave-v3,119549
2025-11-11T11:23:16.910369,5e498f38-9d6f-49b7-a197-9068103f9866,zkSync Era,USDC,5.60784,aave-v3,101162
2025-11-11T11:23:16.910369,8a561627-3d0c-436a-805c-8490c68fe014,zkSync Era,USDT,2.77494,aave-v3,93331
2025-11-11T11:23:16.910369,8d4d3acb-e1bf-471a-8256-36b90a8f4d25,Arbitrum,FRAX,1.15033,aave-v3,91089
2025-11-11T11:23:16.910369,325ad2d6-70b1-48d7-a557-c2c99a036f87,Ethereum,USDC,5.03557,morpho-v0-aavev2,45172
2025-11-11T11:23:16.910369,3cebd626-5ee5-4699-9f6c-090918bc5ebd,Metis,M.DAI,0.00549,aave-v3,32569
2025-11-11T11:23:16.910369,1343a280-7812-4bc3-8f98-d1c37e11d271,Ethereum,USDT,4.50038,morpho-v0-aavev2,17091
